MSSubClass,LotFrontage,LotArea,OverallQual,OverallCond,YearBuilt,YearRemodAdd,MasVnrArea,BsmtFinSF1,BsmtFinSF2,BsmtUnfSF,TotalBsmtSF,1stFlrSF,2ndFlrSF,GrLivArea,FullBath,Fireplaces,GarageYrBlt,GarageCars,WoodDeckSF,EnclosedPorch,MiscVal
60,65.0,8450,7,5,2003,2003,196.0,706,0,150,856,856,854,1710,2,0,2003.0,2,0,0,0
20,80.0,9600,6,8,1976,1976,0.0,978,0,284,1262,1262,0,1262,2,1,1976.0,2,298,0,0
60,68.0,11250,7,5,2001,2002,162.0,486,0,434,920,920,866,1786,2,1,2001.0,2,0,0,0
70,60.0,9550,7,5,1915,1970,0.0,216,0,540,756,961,756,1717,1,1,1998.0,3,0,272,0
60,84.0,14260,8,5,2000,2000,350.0,655,0,490,1145,1145,1053,2198,2,1,2000.0,3,192,0,0
50,85.0,14115,5,5,1993,1995,0.0,732,0,64,796,796,566,1362,1,0,1993.0,2,40,0,700
20,75.0,10084,8,5,2004,2005,186.0,1369,0,317,1686,1694,0,1694,2,1,2004.0,2,255,0,0
50,51.0,6120,7,5,1931,1950,0.0,0,0,952,952,1022,752,1774,2,2,1931.0,2,90,205,0
190,50.0,7420,5,6,1939,1950,0.0,851,0,140,991,1077,0,1077,1,2,1939.0,1,0,0,0
20,70.0,11200,5,5,1965,1965,0.0,906,0,134,1040,1040,0,1040,1,0,1965.0,1,0,0,0
60,85.0,11924,9,5,2005,2006,286.0,998,0,177,1175,1182,1142,2324,3,2,2005.0,3,147,0,0
20,91.0,10652,7,5,2006,2007,306.0,0,0,1494,1494,1494,0,1494,2,1,2006.0,3,160,0,0
45,51.0,6120,7,8,1929,2001,0.0,0,0,832,832,854,0,854,1,0,1991.0,2,48,0,0
90,72.0,10791,4,5,1967,1967,0.0,0,0,0,0,1296,0,1296,2,0,1967.0,2,0,0,500
20,66.0,13695,5,5,2004,2004,0.0,646,0,468,1114,1114,0,1114,1,0,2004.0,2,0,0,0
20,70.0,7560,5,6,1958,1965,0.0,504,0,525,1029,1339,0,1339,1,0,1958.0,1,0,0,0
60,101.0,14215,8,5,2005,2006,380.0,0,0,1158,1158,1158,1218,2376,3,1,2005.0,3,240,0,0
45,57.0,7449,7,7,1930,1950,0.0,0,0,637,637,1108,0,1108,1,1,1930.0,1,0,205,0
20,75.0,9742,8,5,2002,2002,281.0,0,0,1777,1777,1795,0,1795,2,1,2002.0,2,171,0,0
120,44.0,4224,5,7,1976,1976,0.0,840,0,200,1040,1060,0,1060,1,1,1976.0,2,100,0,0
20,110.0,14230,8,5,2007,2007,640.0,0,0,1566,1566,1600,0,1600,2,1,2007.0,3,0,0,0
20,60.0,7200,5,7,1951,2000,0.0,234,486,180,900,900,0,900,1,0,2005.0,2,222,0,0
20,98.0,11478,8,5,2007,2008,200.0,1218,0,486,1704,1704,0,1704,2,1,2008.0,3,0,0,0
20,47.0,16321,5,6,1957,1997,0.0,1277,0,207,1484,1600,0,1600,1,2,1957.0,1,288,0,0
30,60.0,6324,4,6,1927,1950,0.0,0,0,520,520,520,0,520,1,0,1920.0,1,49,87,0
70,50.0,8500,4,4,1920,1950,0.0,0,0,649,649,649,668,1317,1,0,1920.0,1,0,172,0
20,85.0,11049,8,5,2007,2007,0.0,0,0,1234,1234,1234,0,1234,2,0,2007.0,2,0,0,0
20,70.0,10552,5,5,1959,1959,0.0,1018,0,380,1398,1700,0,1700,1,1,1959.0,2,0,0,0
120,60.0,7313,9,5,2005,2005,246.0,1153,0,408,1561,1561,0,1561,2,1,2005.0,2,203,0,0
60,108.0,13418,8,5,2004,2005,132.0,0,0,1117,1117,1132,1320,2452,3,1,2004.0,3,113,0,0
20,112.0,10859,5,5,1994,1995,0.0,0,0,1097,1097,1097,0,1097,1,0,1995.0,2,392,0,0
20,74.0,8532,5,6,1954,1990,650.0,1213,0,84,1297,1297,0,1297,1,1,1954.0,2,0,0,0
20,68.0,7922,5,7,1953,2007,0.0,731,0,326,1057,1057,0,1057,1,0,1953.0,1,0,0,0
20,84.0,8658,6,5,1965,1965,101.0,643,0,445,1088,1324,0,1324,2,1,1965.0,2,0,0,0
20,115.0,16905,5,6,1959,1959,0.0,967,0,383,1350,1328,0,1328,1,2,1959.0,1,0,0,0
20,70.0,7945,5,6,1959,1959,0.0,179,506,465,1150,1150,0,1150,1,0,1959.0,1,0,0,0
120,61.0,7658,9,5,2005,2005,412.0,456,0,1296,1752,1752,0,1752,2,1,2005.0,2,196,0,0
50,48.0,12822,7,5,2003,2003,0.0,1351,0,83,1434,1518,631,2149,1,1,2003.0,2,168,0,0
20,84.0,11096,8,5,2006,2006,0.0,24,0,1632,1656,1656,0,1656,2,0,2006.0,3,0,0,0
20,66.0,7742,5,7,1966,1966,0.0,763,0,192,955,955,0,955,1,0,1966.0,1,0,0,0
50,52.0,6240,6,6,1934,1950,0.0,0,0,816,816,816,0,1176,1,1,1985.0,2,112,0,400
90,110.0,8472,5,5,1963,1963,0.0,104,712,0,816,816,0,816,1,0,1963.0,2,106,0,0
20,68.0,50271,9,5,1981,1987,0.0,1810,0,32,1842,1842,0,1842,0,1,1981.0,3,857,0,0
80,60.0,7134,5,5,1955,1955,0.0,384,0,0,384,1360,0,1360,1,1,1962.0,2,0,0,0
20,100.0,10175,6,5,1964,1964,272.0,490,0,935,1425,1425,0,1425,2,1,1964.0,2,0,0,0
160,24.0,2645,8,5,1999,2000,456.0,649,0,321,970,983,756,1739,2,0,1999.0,2,115,0,0
60,89.0,11645,7,5,2004,2004,0.0,0,0,860,860,860,860,1720,2,0,2004.0,2,0,0,0
60,66.0,13682,10,5,2006,2006,1031.0,0,0,1410,1410,1426,1519,2945,3,1,2006.0,3,192,37,0
20,60.0,7200,5,7,1972,1972,0.0,632,0,148,780,780,0,780,1,0,1973.0,1,196,0,0
20,63.0,13072,6,5,2004,2004,0.0,941,0,217,1158,1158,0,1158,1,0,2006.0,2,0,0,0
75,60.0,7200,5,7,1920,1996,0.0,0,0,530,530,581,530,1111,1,0,1935.0,1,0,144,0
120,44.0,6442,8,5,2006,2006,178.0,24,0,1346,1370,1370,0,1370,2,1,2006.0,2,120,0,0
70,50.0,10300,7,6,1921,1950,0.0,0,0,576,576,902,808,1710,2,0,1990.0,2,12,64,0
60,76.0,9591,8,5,2004,2005,344.0,0,0,1143,1143,1143,1330,2473,2,1,2004.0,3,192,0,0
20,72.0,10665,7,5,2003,2003,167.0,1013,0,440,1453,1479,0,1479,2,0,2003.0,2,144,0,0
30,47.0,4608,4,6,1945,1950,0.0,0,0,747,747,747,0,747,1,0,1945.0,1,0,0,0
50,81.0,15593,7,4,1953,1953,0.0,603,0,701,1304,1304,983,2287,2,1,1953.0,2,0,114,0
20,95.0,13651,7,6,1973,1973,1115.0,1880,0,343,2223,2223,0,2223,2,2,1973.0,2,300,0,0
20,69.0,7599,4,6,1982,2006,0.0,565,0,280,845,845,0,845,1,0,1987.0,2,0,0,0
60,74.0,10141,7,5,1998,1998,40.0,0,0,832,832,885,833,1718,2,1,1998.0,2,0,0,0
20,85.0,10200,5,7,1954,2003,104.0,320,362,404,1086,1086,0,1086,1,0,1989.0,2,0,0,0
50,60.0,5790,3,6,1915,1950,0.0,0,0,840,840,840,765,1605,2,0,1915.0,1,0,202,0
180,21.0,1596,4,5,1973,1973,0.0,462,0,0,462,526,462,988,1,0,1973.0,1,120,0,0
50,50.0,8635,5,5,1948,2001,0.0,336,41,295,672,1072,213,1285,1,0,1948.0,1,0,0,0
50,60.0,10440,5,6,1910,1981,0.0,0,0,440,440,682,548,1230,1,0,1966.0,2,74,128,0
60,100.0,13000,6,6,1968,1968,576.0,448,0,448,896,1182,960,2142,2,1,1968.0,1,0,0,0
120,32.0,4500,6,5,1998,1998,443.0,1201,0,36,1237,1337,0,1337,2,0,1998.0,2,0,0,0
20,78.0,10206,8,5,2007,2007,468.0,33,0,1530,1563,1563,0,1563,2,1,2007.0,3,144,0,0
20,80.0,8892,5,5,1960,1960,66.0,0,0,1065,1065,1065,0,1065,1,0,1974.0,2,74,0,0
60,121.0,16059,8,5,1991,1992,284.0,0,0,1288,1288,1301,1116,2417,2,1,1991.0,2,127,0,0
60,122.0,11911,6,5,2005,2005,0.0,0,0,684,684,684,876,1560,2,1,2005.0,2,100,0,0
160,40.0,3951,6,5,2009,2009,76.0,0,0,612,612,612,612,1224,2,0,2009.0,2,0,0,0
20,60.0,7200,4,5,1950,1950,0.0,0,0,0,0,1040,0,1040,1,0,1950.0,2,0,0,0
20,85.0,8500,5,3,1961,1961,203.0,600,0,635,1235,1235,0,1235,1,0,1961.0,2,0,0,0
30,80.0,13360,5,7,1921,2006,0.0,713,0,163,876,964,0,964,1,0,1921.0,2,0,44,0
190,60.0,7200,6,6,1910,1998,0.0,1046,0,168,1214,1260,1031,2291,2,1,1900.0,2,0,0,0
60,69.0,9337,6,5,1997,1997,0.0,648,0,176,824,905,881,1786,2,0,1997.0,2,0,0,0
20,78.0,10264,7,5,1999,1999,183.0,1162,0,426,1588,1588,0,1588,2,0,1999.0,2,158,0,0
20,73.0,10921,4,5,1965,1965,48.0,520,0,440,960,960,0,960,1,0,1965.0,1,120,0,0
30,85.0,10625,5,5,1920,1950,0.0,108,0,350,458,835,0,835,1,0,1920.0,1,0,77,400
60,77.0,9206,6,5,1985,1985,336.0,0,0,741,741,977,755,1732,2,1,1985.0,2,192,0,0
90,64.0,7018,5,5,1979,1979,0.0,0,0,0,0,1535,0,1535,2,0,1979.0,2,0,0,0
20,94.0,10402,7,5,2009,2009,0.0,0,0,1226,1226,1226,0,1226,2,0,2009.0,3,0,0,0
60,75.0,9375,8,5,2003,2004,768.0,0,0,1053,1053,1053,939,1992,2,1,2003.0,2,140,0,0
30,60.0,10800,4,7,1885,1995,0.0,0,0,641,641,1047,0,1047,1,0,1954.0,1,0,0,450
20,50.0,6000,5,5,1948,1950,0.0,104,169,516,789,789,0,789,1,0,1948.0,1,0,0,0
20,105.0,11751,6,6,1977,1977,480.0,705,0,1139,1844,1844,0,1844,2,1,1977.0,2,0,0,0
50,75.0,9525,6,4,1954,1972,0.0,444,0,550,994,1216,639,1855,2,0,1954.0,1,182,0,0
60,77.0,9965,7,5,2007,2007,220.0,984,0,280,1264,1282,1414,2696,2,1,2007.0,3,120,0,0
70,61.0,7259,6,8,1945,2002,0.0,774,150,104,1028,1436,884,2320,2,1,1945.0,1,224,0,0
160,34.0,3230,6,5,1999,1999,1129.0,419,0,310,729,729,729,1458,2,1,1999.0,2,0,0,0
20,74.0,8536,5,5,2006,2007,0.0,0,0,1125,1125,1125,0,1125,1,0,2007.0,2,80,0,0
60,90.0,12376,7,5,1990,1990,0.0,1470,0,203,1673,1699,1523,3222,3,2,1990.0,3,367,0,0
60,65.0,8461,6,5,2005,2006,0.0,0,0,728,728,728,728,1456,2,1,2005.0,2,0,0,0
50,50.0,6060,4,5,1939,1950,0.0,0,0,732,732,772,351,1123,1,0,1979.0,1,0,140,0
20,75.0,9464,6,7,1958,1958,135.0,570,0,510,1080,1080,0,1080,1,0,1958.0,1,0,0,0
120,55.0,7892,6,5,1993,1993,0.0,300,0,899,1199,1199,0,1199,2,0,1993.0,2,0,0,0
20,48.0,17043,6,5,1979,1998,0.0,0,0,1362,1362,1586,0,1586,2,1,1979.0,2,192,0,0
60,69.0,7590,6,5,1966,1966,266.0,512,0,148,660,660,688,1348,1,1,1966.0,2,188,0,0
20,69.0,8973,5,7,1958,1991,85.0,567,28,413,1008,1053,0,1053,1,0,1998.0,2,0,0,0
60,88.0,14200,7,6,1966,1966,309.0,445,0,479,924,1216,941,2157,2,2,1966.0,2,105,0,0
20,75.0,7388,5,6,1959,2002,0.0,405,0,658,1063,1327,0,1327,1,0,1974.0,2,0,0,0
20,78.0,10335,5,6,1968,1993,0.0,570,0,891,1461,1721,0,1721,2,1,1968.0,2,0,180,0
20,80.0,10400,7,6,1970,1970,288.0,0,0,1304,1304,1682,0,1682,2,1,1970.0,2,98,0,0
90,82.0,11070,7,5,1988,1989,70.0,0,0,1907,1907,1959,0,1959,3,0,1989.0,3,0,0,0
60,73.0,9066,8,5,1999,2000,320.0,668,0,336,1004,1004,848,1852,2,2,1999.0,3,224,0,0
60,65.0,15426,6,5,1997,1997,0.0,821,0,107,928,928,836,1764,2,0,1997.0,2,276,0,0
20,78.0,11645,7,5,2005,2005,0.0,1300,0,434,1734,1734,0,1734,2,0,2005.0,2,160,0,0
50,71.0,8520,5,4,1952,1952,0.0,507,0,403,910,910,475,1385,2,0,2000.0,2,0,0,0
20,78.0,10335,7,5,1999,1999,183.0,679,0,811,1490,1501,0,1501,2,0,1999.0,2,144,0,0
90,70.0,9100,5,5,1963,1963,336.0,1332,0,396,1728,1728,0,1728,2,0,1963.0,2,0,0,0
160,24.0,2522,6,5,2004,2006,50.0,0,0,970,970,970,739,1709,2,0,2004.0,2,0,0,0
30,51.0,6120,5,7,1931,1993,0.0,209,0,506,715,875,0,875,1,0,1931.0,1,48,0,0
20,120.0,10356,5,6,1975,1975,0.0,716,0,253,969,969,0,969,1,0,1975.0,2,0,0,0
20,107.0,13891,8,5,2007,2008,436.0,1400,0,310,1710,1710,0,1710,2,1,2007.0,3,0,0,0
30,84.0,11340,6,5,1923,1950,0.0,0,0,1200,1200,1200,0,1200,1,0,1923.0,1,0,228,0
20,60.0,7200,5,7,1950,1950,0.0,0,0,0,0,1040,0,1040,1,0,1950.0,2,0,0,0
60,92.0,12003,8,5,2009,2010,84.0,0,0,774,774,774,1194,1968,2,1,2009.0,3,0,0,0
60,100.0,12552,7,5,2004,2005,0.0,222,0,769,991,991,956,1947,2,1,2004.0,2,0,0,0
60,134.0,19378,7,5,2005,2006,456.0,57,0,1335,1392,1392,1070,2462,2,1,2006.0,2,239,0,0
60,110.0,13688,9,5,2003,2004,664.0,1016,0,556,1572,1572,1096,2668,2,2,2003.0,3,400,0,0
20,95.0,12182,7,5,2005,2005,226.0,1201,0,340,1541,1541,0,1541,2,1,2005.0,2,0,0,0
40,40.0,5400,6,7,1926,2004,0.0,370,0,779,1149,1149,467,1616,2,0,1926.0,1,0,183,0
60,86.0,10562,8,5,2007,2007,300.0,1288,0,294,1582,1610,551,2161,1,1,2007.0,3,178,0,0
60,62.0,8244,7,5,2004,2004,0.0,0,0,840,840,840,880,1720,2,1,2004.0,2,100,0,0
20,141.0,31770,6,5,1960,1960,112.0,639,0,441,1080,1656,0,1656,1,2,1960.0,2,210,0,0
160,44.0,5306,7,7,1987,1987,0.0,495,215,354,1064,1064,703,1767,2,1,1987.0,2,441,0,0
20,80.0,10197,6,5,1961,1961,491.0,288,374,700,1362,1362,0,1362,1,1,1961.0,2,0,0,0
20,47.0,12416,6,5,1986,1986,132.0,1398,208,0,1606,1651,0,1651,2,1,1986.0,2,192,0,0
20,84.0,12615,6,7,1950,2001,0.0,477,0,725,1202,2158,0,2158,2,1,1950.0,2,0,39,0
60,97.0,10029,6,5,1988,1989,268.0,831,0,320,1151,1164,896,2060,2,1,1988.0,2,0,0,0
20,63.0,17423,9,5,2008,2009,748.0,1904,0,312,2216,2234,0,2234,2,1,2009.0,3,0,0,0
30,60.0,8520,5,6,1923,2006,0.0,0,0,968,968,968,0,968,1,0,1935.0,2,0,184,0
70,54.0,7588,7,6,1920,1950,0.0,352,0,441,793,901,901,1802,1,1,1920.0,1,0,40,0
20,60.0,9060,5,6,1957,2006,98.0,0,0,0,0,1340,0,1340,1,1,1957.0,1,116,0,0
50,63.0,11426,7,5,2003,2003,0.0,0,0,1362,1362,1362,720,2082,2,0,2003.0,2,280,0,0
50,92.0,7438,5,8,1908,1991,0.0,0,0,504,504,936,316,1252,1,0,1986.0,2,104,0,0
75,90.0,22950,10,9,1892,1993,0.0,0,0,1107,1107,1518,1518,3608,2,2,1993.0,3,0,0,0
50,60.0,10410,5,7,1916,1987,0.0,0,0,660,660,808,704,1656,2,0,1916.0,1,0,0,0
90,64.0,7018,5,5,1979,1979,275.0,1086,0,0,1086,1224,0,1224,0,2,1979.0,2,120,0,0
120,41.0,4923,8,5,2001,2002,0.0,1153,0,440,1593,1593,0,1593,1,1,2001.0,2,0,0,0
70,70.0,10570,8,8,1932,1994,0.0,297,0,556,853,1549,1178,2727,2,2,1932.0,2,0,0,0
20,68.0,9017,7,5,1999,1999,0.0,560,0,871,1431,1431,0,1431,2,0,1999.0,2,0,0,0
160,24.0,2522,7,5,2004,2004,50.0,0,0,970,970,970,739,1709,2,0,2004.0,2,0,0,0
20,60.0,7180,5,7,1972,1972,0.0,390,0,474,864,864,0,864,1,0,1989.0,1,0,0,0
160,24.0,2280,6,6,1976,1976,0.0,566,0,289,855,855,601,1456,2,1,1976.0,2,87,0,0
20,79.0,9416,7,5,2007,2007,205.0,1126,0,600,1726,1726,0,1726,2,1,2007.0,3,171,0,0
75,174.0,25419,8,4,1918,1990,0.0,1036,184,140,1360,1360,1360,3112,2,1,1918.0,2,0,552,0
20,76.0,9591,8,5,2004,2005,262.0,1088,0,625,1713,1713,0,1713,2,1,2004.0,3,0,0,0
20,80.0,8546,4,5,2003,2004,0.0,0,0,1121,1121,1121,0,1121,2,0,2003.0,2,132,0,0
20,75.0,10125,6,6,1977,1977,0.0,641,279,276,1196,1279,0,1279,2,2,1980.0,2,238,0,0
50,50.0,7000,6,6,1924,1950,0.0,617,0,0,617,865,445,1310,2,0,1924.0,1,0,126,0
50,50.0,3500,5,7,1947,1950,0.0,312,0,408,720,720,564,1284,1,0,1948.0,1,0,0,0
20,99.0,11851,7,5,1990,1990,0.0,0,0,1424,1424,1442,0,1442,2,0,1990.0,2,0,0,0
20,40.0,13673,5,5,1962,1962,0.0,0,0,1140,1140,1696,0,1696,1,1,1962.0,1,0,0,0
20,75.0,8250,6,7,1964,1964,260.0,787,0,305,1092,1092,0,1092,1,0,1964.0,2,0,0,0
20,83.0,10420,6,5,2009,2009,0.0,36,0,1176,1212,1212,0,1212,2,0,2009.0,2,100,0,0
60,72.0,8640,7,5,2009,2009,0.0,822,0,78,900,932,920,1852,2,1,2009.0,2,168,0,0
20,43.0,13568,5,5,1995,1995,0.0,716,0,274,990,990,0,990,1,0,1996.0,2,224,0,0
20,72.0,10011,5,6,1957,1996,64.0,360,0,710,1070,1236,0,1236,1,1,1957.0,1,0,0,0
20,65.0,8450,7,5,2004,2004,266.0,946,0,490,1436,1436,0,1436,2,0,2004.0,2,139,0,0
70,57.0,9906,4,4,1925,1950,0.0,0,0,686,686,810,518,1328,1,0,1940.0,1,0,60,0
120,43.0,3010,7,5,2005,2006,16.0,16,0,1232,1248,1248,0,1248,2,0,2005.0,2,108,0,0
20,73.0,8990,7,5,2006,2006,0.0,0,0,1498,1498,1498,0,1498,2,0,2006.0,2,351,0,0
60,85.0,11475,6,6,1975,1975,0.0,550,0,163,713,811,741,1552,2,1,1975.0,2,209,0,0
20,70.0,10500,4,6,1971,1971,0.0,524,180,160,864,864,0,864,1,0,1989.0,2,216,0,0
20,103.0,13472,10,5,2003,2003,922.0,56,0,2336,2392,2392,0,2392,2,1,2003.0,3,248,0,0
160,21.0,1680,5,5,1971,1971,142.0,0,0,630,630,630,672,1302,2,0,1991.0,1,0,0,0
60,82.0,9950,7,5,1995,1995,290.0,565,0,638,1203,1214,1306,2520,2,1,1995.0,3,224,0,0
160,21.0,1869,6,6,1970,1970,127.0,321,0,162,483,483,504,987,1,0,1987.0,1,0,0,0
20,70.0,8521,5,5,1967,1967,0.0,842,0,70,912,912,0,912,1,1,1974.0,1,0,0,0
120,43.0,3182,7,5,2005,2006,16.0,16,0,1357,1373,1555,0,1555,2,1,2005.0,2,143,0,0
20,73.0,8760,6,6,1959,1959,220.0,0,0,1194,1194,1194,0,1194,1,0,1959.0,1,0,120,0
60,174.0,15138,8,5,1995,1996,506.0,689,0,773,1462,1490,1304,2794,2,1,1995.0,3,0,202,0
160,21.0,1680,6,5,1972,1972,297.0,0,0,483,483,483,504,987,1,1,1972.0,1,0,0,0
20,75.0,10650,5,6,1976,1976,0.0,182,712,0,894,894,0,894,1,0,1976.0,1,365,0,0
160,21.0,1680,6,3,1971,1971,604.0,358,0,125,483,483,504,987,1,0,1971.0,1,0,0,0
20,65.0,8773,7,5,2004,2004,98.0,24,0,1390,1414,1414,0,1414,2,0,2004.0,2,132,0,0
20,93.0,12030,8,5,2007,2007,254.0,0,0,1694,1694,1694,0,1694,2,0,2007.0,3,168,0,0
50,52.0,8741,6,4,1945,1950,0.0,94,0,641,735,798,689,1487,1,1,1949.0,1,0,0,0
20,75.0,9000,8,5,2008,2008,36.0,1078,0,488,1566,1566,0,1566,2,0,2008.0,2,144,0,0
50,63.0,5000,5,4,1900,1950,0.0,0,0,540,540,889,551,1440,1,0,1940.0,1,0,77,0
160,75.0,10762,6,6,1980,1980,0.0,0,0,626,626,626,591,1217,1,1,1980.0,1,0,0,0
20,80.0,10400,7,5,1988,1988,102.0,929,0,916,1845,1872,0,1872,2,1,1988.0,2,197,0,0
190,69.0,9142,6,8,1910,1950,0.0,0,0,1020,1020,908,1020,1928,2,0,1910.0,1,0,112,0
20,75.0,11310,6,5,1954,1954,0.0,0,0,1367,1367,1375,0,1375,1,1,1954.0,2,0,0,0
60,72.0,11317,7,5,2003,2003,101.0,0,0,840,840,840,828,1668,2,0,2003.0,2,144,0,0
120,44.0,4750,8,5,2006,2007,481.0,1573,0,0,1573,1625,0,1625,2,1,2006.0,2,123,0,0
60,65.0,8366,6,5,2004,2004,0.0,0,0,798,798,798,842,1640,2,0,2004.0,2,138,0,0
80,85.0,9350,6,7,1964,1991,108.0,270,580,452,1302,1302,0,1302,2,0,1964.0,1,333,0,0
20,70.0,8400,5,6,1957,1957,0.0,922,0,392,1314,1314,0,1314,1,0,1957.0,1,250,0,0
60,66.0,8738,7,5,1999,1999,302.0,0,0,975,975,1005,1286,2291,2,1,1999.0,2,192,0,0
60,64.0,8791,6,5,2003,2003,0.0,503,0,361,864,864,864,1728,2,0,2003.0,2,216,0,0
20,68.0,8814,7,5,2006,2006,180.0,1334,0,270,1604,1604,0,1604,2,1,2006.0,2,123,0,0
60,80.0,12435,7,5,2001,2001,172.0,361,0,602,963,963,829,1792,2,1,2001.0,2,0,0,0
20,70.0,12702,5,5,1956,1956,0.0,0,0,0,0,882,0,882,1,0,1956.0,1,0,0,0
80,120.0,19296,6,5,1962,1962,399.0,672,690,0,1362,1382,0,1382,1,1,1991.0,2,0,252,0
60,69.0,9588,8,5,2007,2007,270.0,0,0,1482,1482,1482,1092,2574,2,1,2007.0,3,0,0,0
80,88.0,8471,6,7,1977,1995,46.0,506,0,0,506,1212,0,1212,1,1,1978.0,2,292,0,0
50,50.0,5500,5,7,1929,2001,0.0,234,692,0,926,926,0,1316,1,0,1974.0,2,0,0,0
30,30.0,5232,5,5,1925,2004,0.0,0,0,680,680,764,0,764,1,0,1965.0,2,0,0,0
20,78.0,12090,6,6,1981,1981,210.0,588,228,606,1422,1422,0,1422,2,1,1981.0,2,276,0,0
60,70.0,11207,6,5,1997,1997,0.0,714,0,88,802,802,709,1511,2,1,1997.0,2,95,0,0
75,60.0,8400,5,8,1939,1997,0.0,378,0,342,720,1052,720,2192,2,1,1939.0,1,262,0,0
30,71.0,6900,5,6,1940,1955,0.0,403,125,212,740,778,0,778,1,1,1966.0,1,0,0,0
60,84.0,10728,8,5,2006,2006,0.0,0,0,1095,1095,1095,844,1939,2,1,2006.0,3,192,0,0
20,73.0,39104,7,7,1954,2005,0.0,226,1063,96,1385,1363,0,1363,1,2,1954.0,2,81,0,0
60,92.0,11764,8,7,1999,2007,348.0,524,0,628,1152,1164,1106,2270,2,1,1999.0,3,132,0,0
20,80.0,9600,6,6,1958,1988,183.0,620,620,0,1240,1632,0,1632,2,1,1958.0,1,289,0,0
20,76.0,8314,5,7,1982,1982,0.0,546,0,270,816,816,0,816,1,0,1982.0,1,168,0,0
50,55.0,7264,7,7,1925,2007,0.0,0,0,952,952,952,596,1548,2,0,1978.0,2,74,0,0
20,129.0,9196,7,5,2003,2003,0.0,0,0,1560,1560,1560,0,1560,2,0,2003.0,2,100,0,0
20,140.0,19138,4,5,1951,1951,0.0,120,0,744,864,864,0,864,1,0,1951.0,2,0,0,0
20,107.0,14450,9,5,2006,2007,315.0,0,0,2121,2121,2121,0,2121,2,1,2007.0,3,124,0,0
60,83.0,10005,7,5,1977,1977,299.0,392,0,768,1160,1156,866,2022,2,1,1977.0,2,288,0,0
60,82.0,11287,7,6,1989,1989,340.0,421,0,386,807,1175,807,1982,2,1,1989.0,2,0,0,0
20,60.0,7200,6,5,2006,2006,68.0,905,0,357,1262,1262,0,1262,2,0,2006.0,2,0,0,0
120,34.0,5063,7,5,2007,2008,166.0,904,0,410,1314,1314,0,1314,2,1,2008.0,2,172,0,0
20,74.0,9612,8,5,2008,2009,72.0,0,0,1468,1468,1468,0,1468,2,1,2008.0,3,210,0,0
120,50.0,8012,6,5,1992,1992,0.0,430,0,1145,1575,1575,0,1575,2,0,1992.0,2,0,52,0
160,35.0,4251,7,5,2006,2007,0.0,0,0,625,625,625,625,1250,2,0,2006.0,2,0,0,0
50,77.0,9786,6,7,1962,1981,0.0,600,0,312,912,1085,649,1734,1,1,1962.0,2,0,0,0
70,60.0,8730,6,7,1915,2003,0.0,0,0,698,698,698,698,1396,1,0,2003.0,1,0,0,0
60,120.0,15611,8,5,2006,2006,0.0,0,0,1079,1079,1079,840,1919,2,1,2006.0,2,0,0,0
50,60.0,11409,5,4,1949,2008,0.0,292,0,476,768,1148,568,1716,1,1,1949.0,1,0,0,0
20,80.0,9600,6,5,1953,1953,238.0,1285,0,131,1416,1644,0,1644,1,2,1953.0,2,110,0,0
80,37.0,7937,6,6,1984,1984,0.0,819,0,184,1003,1003,0,1003,1,0,1984.0,2,120,0,0
50,75.0,13710,5,5,1950,1950,0.0,420,0,490,910,910,648,1558,1,0,1950.0,1,289,0,0
60,66.0,7399,7,5,1997,1998,1600.0,649,0,326,975,975,975,1950,2,1,1997.0,2,0,0,0
60,90.0,11700,6,6,1968,1968,365.0,384,175,143,702,1041,702,1743,1,1,1968.0,2,224,0,0
20,80.0,14000,6,8,1950,2004,0.0,0,0,1092,1092,1152,0,1152,1,1,1950.0,1,0,0,0
190,90.0,15750,5,5,1953,1953,56.0,841,0,324,1165,1336,0,1336,1,2,1953.0,1,0,0,0
60,66.0,16226,8,5,1998,1999,0.0,281,0,747,1028,1210,1242,2452,2,1,1998.0,2,208,0,0
20,118.0,13704,7,5,2001,2002,150.0,0,0,1541,1541,1541,0,1541,2,1,2001.0,3,468,0,0
20,70.0,9800,5,7,1972,1972,0.0,894,0,0,894,894,0,894,1,0,1975.0,2,256,0,0
75,87.0,18386,7,9,1880,2002,0.0,0,0,1470,1470,1675,1818,3493,3,1,2003.0,3,302,0,0
20,80.0,10386,8,5,2004,2005,246.0,1464,0,536,2000,2000,0,2000,2,0,2004.0,3,168,0,0
60,116.0,13474,7,5,1990,1991,246.0,700,0,0,700,1122,1121,2243,2,1,1990.0,3,127,224,0
20,90.0,12378,9,5,2003,2004,0.0,1274,0,622,1896,1944,0,1944,2,3,2003.0,3,208,0,0
20,50.0,8000,6,6,1948,2002,0.0,680,0,292,972,972,0,972,1,1,1948.0,1,0,0,0
190,65.0,7800,5,7,1939,1950,0.0,507,0,286,793,793,325,1118,1,1,1939.0,2,0,0,0
20,150.0,215245,7,5,1965,1965,0.0,1236,820,80,2136,2036,0,2036,2,2,1965.0,2,0,0,0
70,60.0,9600,7,7,1925,1990,0.0,16,0,712,728,832,809,1641,1,1,1925.0,2,0,234,0
60,71.0,7795,7,5,2004,2005,0.0,425,0,291,716,716,716,1432,2,1,2004.0,2,100,0,0
60,94.0,13005,7,7,1980,1980,278.0,692,0,153,845,1153,1200,2353,2,1,1983.0,2,288,0,0
60,75.0,9000,8,5,2006,2006,0.0,0,0,1088,1088,1088,871,1959,2,1,2006.0,3,208,0,0
60,90.0,9900,7,5,1993,1993,256.0,987,0,360,1347,1372,1274,2646,2,1,1993.0,3,340,144,0
60,111.0,16259,9,5,2006,2006,370.0,0,0,1249,1249,1249,1347,2596,3,0,2006.0,3,240,0,0
60,99.0,12099,8,5,2004,2004,388.0,970,0,166,1136,1136,1332,2468,2,1,2004.0,3,184,0,0
60,86.0,10380,7,5,1986,1987,172.0,28,1474,0,1502,1553,1177,2730,2,1,1987.0,2,201,0,0
20,49.0,5820,3,8,1955,2005,0.0,256,0,906,1162,1163,0,1163,1,0,1955.0,1,142,0,0
80,96.0,11275,7,7,1967,2007,300.0,0,0,710,710,1898,1080,2978,2,1,1961.0,2,240,0,0
45,50.0,5000,5,6,1941,1950,0.0,116,0,604,720,803,0,803,1,0,1941.0,2,0,244,0
120,32.0,10846,8,5,1993,1993,0.0,1619,0,100,1719,1719,0,1719,1,2,1993.0,2,122,0,0
20,80.0,11600,6,5,1960,1960,175.0,565,0,818,1383,1383,0,1383,1,0,1960.0,1,0,0,0
70,60.0,6402,5,5,1920,1950,0.0,0,0,596,596,596,596,1192,1,0,1920.0,1,0,137,0
20,70.0,8176,5,6,1958,1992,0.0,846,0,210,1056,1056,0,1056,1,0,1958.0,1,0,0,0
20,85.0,10655,8,5,2003,2004,296.0,1124,479,1603,3206,1629,0,1629,2,1,2003.0,3,0,0,0
120,59.0,8198,7,5,2004,2004,146.0,720,0,638,1358,1358,0,1358,2,1,2004.0,2,192,0,0
60,59.0,9042,6,5,1998,1998,0.0,828,0,115,943,943,695,1638,2,2,1998.0,2,100,0,0
20,86.0,14157,9,5,2005,2006,200.0,1249,0,673,1922,1922,0,1922,2,1,2005.0,3,178,0,0
20,70.0,9135,7,5,2002,2003,113.0,810,0,726,1536,1536,0,1536,2,0,2002.0,2,192,0,0
20,91.0,14145,7,7,1984,1998,0.0,213,0,995,1208,1621,0,1621,2,0,1984.0,2,108,0,400
20,66.0,12400,6,7,1958,1998,176.0,585,0,630,1215,1215,0,1215,1,0,1958.0,1,0,0,0
60,85.0,14191,8,5,2002,2002,0.0,0,0,967,967,993,915,1908,2,0,2002.0,2,135,0,0
20,60.0,8400,4,4,1950,1950,0.0,0,0,721,721,841,0,841,1,0,1950.0,1,250,24,0
120,63.0,8849,9,5,2005,2005,616.0,28,0,1656,1684,1684,0,1684,2,1,2005.0,2,495,0,0
160,36.0,2592,5,3,1976,1976,0.0,129,232,175,536,536,576,1112,1,0,1976.0,1,182,0,0
50,65.0,6435,6,5,1939,1950,0.0,0,0,972,972,972,605,1577,1,1,1939.0,1,0,0,0
160,36.0,2448,7,5,2003,2004,106.0,573,0,191,764,764,862,1626,2,0,2003.0,2,0,0,0
60,56.0,20431,9,5,2005,2006,870.0,1410,0,438,1848,1848,880,2728,2,2,2006.0,3,0,0,0
120,68.0,7820,9,5,2007,2007,362.0,0,0,1869,1869,1869,0,1869,2,1,2007.0,2,210,0,0
50,60.0,9084,5,6,1941,1950,0.0,236,380,0,616,616,495,1111,1,0,1941.0,1,48,0,0
30,60.0,8520,6,8,1928,2003,0.0,0,0,624,624,720,0,720,1,0,2005.0,2,106,0,0
50,60.0,8400,6,5,1940,2000,0.0,388,0,552,940,1192,403,1595,1,2,1940.0,1,0,108,0
20,105.0,11249,6,5,1995,1995,0.0,334,544,322,1200,1200,0,1200,2,0,1995.0,2,0,0,0
120,44.0,4224,5,5,1976,1976,0.0,874,0,268,1142,1142,0,1142,1,1,1976.0,2,536,0,0
80,92.0,6930,5,4,1958,1958,120.0,300,294,468,1062,1352,0,1352,1,0,1958.0,1,168,294,0
60,78.0,12011,8,5,1998,1998,530.0,956,0,130,1086,1086,838,1924,2,1,1998.0,2,208,0,0
85,64.0,7301,7,5,2003,2003,500.0,0,0,0,0,495,1427,1922,3,1,2003.0,2,0,177,0
160,21.0,1680,6,8,1972,2007,510.0,162,0,321,483,483,504,987,1,0,1972.0,1,250,0,0
70,59.0,10690,5,7,1920,1997,0.0,456,0,216,672,672,672,1344,1,0,1964.0,1,0,218,0
80,101.0,9150,6,5,1962,1962,305.0,371,0,728,1099,1431,0,1431,1,1,1962.0,1,64,0,0
20,78.0,7800,5,6,1954,1954,200.0,540,0,728,1268,1268,0,1268,1,1,1954.0,1,0,0,0
50,80.0,17120,4,4,1959,1959,0.0,0,0,0,0,1120,468,1588,2,1,1991.0,2,0,0,0
120,50.0,7175,6,5,1984,1984,0.0,623,121,0,744,752,0,752,1,0,1984.0,1,353,0,0
20,79.0,10634,5,6,1953,1953,0.0,428,180,0,608,1319,0,1319,1,0,1953.0,1,66,0,0
60,65.0,8200,7,5,2003,2004,0.0,0,0,847,847,847,1081,1928,2,1,2003.0,2,100,0,0
85,57.0,8846,5,5,1996,1996,0.0,298,0,572,870,914,0,914,1,0,1998.0,2,0,0,0
60,102.0,11143,8,5,2004,2005,0.0,0,0,1580,1580,1580,886,2466,3,1,2004.0,2,159,0,0
20,88.0,11394,9,2,2010,2010,350.0,1445,0,411,1856,1856,0,1856,1,1,2010.0,3,113,0,0
60,60.0,8123,6,5,2000,2000,16.0,0,0,982,982,1007,793,1800,2,1,2000.0,2,100,0,0
50,50.0,5000,5,6,1924,1950,0.0,218,0,808,1026,1026,665,1691,2,1,1924.0,1,0,242,0
20,60.0,7200,7,5,2006,2006,0.0,0,0,1293,1293,1301,0,1301,2,1,2006.0,2,216,0,0
60,79.0,9245,7,5,2006,2006,0.0,0,0,939,939,939,858,1797,2,0,2006.0,2,144,0,0
45,60.0,9000,6,3,1928,1950,0.0,0,0,784,784,784,0,784,1,0,1950.0,2,0,91,0
120,43.0,3182,8,5,2004,2005,16.0,24,0,1232,1256,1269,0,1269,2,1,2004.0,2,146,0,0
80,72.0,7200,6,6,1976,1976,255.0,631,0,410,1041,1125,0,1125,1,1,1977.0,1,296,0,0
20,93.0,9382,7,5,1999,2000,125.0,0,0,1468,1468,1479,0,1479,2,0,1999.0,2,120,0,0
60,96.0,12474,10,5,2007,2008,272.0,1280,0,402,1682,1742,590,2332,2,1,2008.0,3,196,0,0
50,50.0,8405,5,8,1900,1950,0.0,241,391,229,861,961,406,1367,1,0,1978.0,1,0,112,0
60,71.0,12209,6,5,2001,2002,0.0,690,0,114,804,804,1157,1961,2,1,2001.0,2,125,0,0
50,60.0,10134,5,6,1940,1950,0.0,0,0,735,735,735,299,1034,1,0,1940.0,1,0,0,0
20,68.0,9571,5,6,1956,1956,0.0,739,0,405,1144,1144,0,1144,1,0,1956.0,1,44,0,0
20,60.0,7200,5,5,1972,1972,0.0,777,0,117,894,894,0,894,1,0,1985.0,2,215,0,0
60,69.0,7590,5,5,1962,1962,288.0,540,0,324,864,876,936,1812,2,1,1962.0,1,0,0,0
30,60.0,8967,5,2,1920,1950,0.0,0,0,961,961,1077,0,1077,1,0,1920.0,1,0,0,0
60,65.0,8125,7,5,2006,2007,100.0,812,0,280,1092,1112,438,1550,2,0,2007.0,2,0,0,0
120,38.0,14963,8,5,1996,1996,0.0,786,0,474,1260,1288,0,1288,1,2,1996.0,2,120,0,0
20,65.0,8767,7,5,2005,2005,0.0,24,0,1286,1310,1310,0,1310,2,1,2005.0,2,0,0,0
30,60.0,10200,5,8,1940,1997,0.0,0,0,672,672,672,0,672,1,0,1940.0,1,168,0,0
60,93.0,12090,8,5,1998,1998,650.0,0,0,1141,1141,1165,1098,2263,2,1,1998.0,2,144,0,0
50,51.0,10480,6,5,1936,1950,0.0,0,0,1064,1064,1166,0,1639,1,0,1936.0,1,0,0,0
70,63.0,15576,6,7,1915,1976,0.0,0,0,840,840,840,840,1680,2,0,1960.0,1,0,160,0
60,109.0,14154,7,5,2006,2006,350.0,0,0,1063,1063,1071,1101,2172,2,1,2006.0,3,192,0,0
60,85.0,10800,8,5,2007,2008,100.0,789,0,245,1034,1050,1028,2078,2,1,2008.0,3,0,0,0
20,68.0,9571,5,3,1958,1958,0.0,0,0,1276,1276,1276,0,1276,1,0,1958.0,1,0,0,0
190,100.0,34650,5,5,1955,1955,0.0,1056,0,0,1056,1056,0,1056,1,0,1955.0,2,264,0,0
30,56.0,8960,5,6,1927,1950,0.0,0,0,1008,1008,1028,0,1028,1,1,1927.0,2,0,130,0
60,59.0,11228,7,5,1993,1993,0.0,50,531,499,1080,1080,1017,2097,2,1,1993.0,3,196,0,0
20,73.0,8899,7,5,2007,2007,0.0,24,0,1316,1340,1340,0,1340,2,0,2007.0,2,100,0,0
60,74.0,7844,6,7,1978,1978,203.0,209,0,463,672,672,728,1400,1,1,1978.0,2,0,0,0
70,86.0,22420,6,6,1918,1950,0.0,1128,0,242,1370,1370,1254,2624,2,1,1918.0,3,0,0,0
50,60.0,8160,5,6,1940,1950,0.0,312,0,444,756,756,378,1134,1,0,1940.0,1,0,0,0
20,65.0,8450,5,6,1968,1968,0.0,775,0,281,1056,1056,0,1056,1,1,1968.0,1,0,184,0
90,78.0,7060,7,5,1997,1998,200.0,1309,0,35,1344,1344,0,1344,2,0,1997.0,4,0,0,0
20,100.0,21750,5,5,1954,1954,0.0,0,0,988,988,988,0,988,1,0,1954.0,2,0,0,0
60,80.0,9200,8,5,1998,1998,473.0,986,0,484,1470,1470,1160,2630,2,1,1998.0,3,0,0,0
20,72.0,9000,6,5,1956,1956,74.0,616,0,580,1196,1196,0,1196,1,1,1956.0,1,0,0,0
60,60.0,3378,7,8,1946,1992,0.0,0,0,651,651,707,682,1389,1,2,1947.0,1,0,126,0
20,77.0,8593,4,6,1957,1957,0.0,288,0,619,907,907,0,907,1,0,1964.0,1,0,0,0
20,64.0,6762,7,5,2007,2007,108.0,664,0,544,1208,1208,0,1208,2,0,2007.0,2,105,0,0
20,130.0,11457,6,5,1988,1988,0.0,1005,0,387,1392,1412,0,1412,2,1,1988.0,2,0,169,0
160,21.0,1680,6,5,1971,1971,232.0,387,0,96,483,483,504,987,1,0,1971.0,1,0,0,0
160,24.0,1920,5,5,1971,1971,376.0,471,0,294,765,765,600,1365,1,0,1971.0,2,240,0,0
60,100.0,10839,6,5,1997,1998,0.0,0,0,926,926,926,678,1604,2,1,1997.0,2,0,0,0
60,43.0,10667,7,6,1996,1996,0.0,385,344,70,799,827,834,1661,2,1,1996.0,2,158,0,0
50,40.0,4400,6,8,1920,1950,0.0,0,0,648,648,734,384,1118,1,0,1990.0,2,0,0,0
45,50.0,6000,6,7,1926,2004,0.0,0,0,884,884,904,0,904,1,0,1926.0,1,0,105,0
30,40.0,4280,5,6,1913,2002,0.0,365,0,75,440,694,0,694,1,1,1990.0,1,0,34,0
50,67.0,12354,6,8,1920,2000,0.0,0,0,684,684,684,512,1196,1,0,2005.0,2,0,0,800
20,105.0,15431,10,5,2008,2008,200.0,1767,539,788,3094,2402,0,2402,2,2,2008.0,3,0,0,0
50,52.0,6240,5,7,1930,1992,0.0,0,0,1078,1078,1128,445,1573,2,1,1930.0,2,0,0,0
120,53.0,3922,7,5,2006,2007,72.0,0,0,1258,1258,1258,0,1258,2,1,2007.0,3,144,0,0
60,70.0,8750,7,5,1994,1995,0.0,642,0,273,915,933,975,1908,2,1,1994.0,2,144,0,0
20,73.0,9855,6,5,1956,1956,0.0,0,0,1436,1436,1689,0,1689,1,1,1956.0,2,0,0,0
20,137.0,16492,6,6,1966,2002,0.0,247,713,557,1517,1888,0,1888,2,1,1966.0,2,0,0,0
50,50.0,8600,6,6,1937,1950,0.0,0,0,780,780,780,596,1376,2,1,1937.0,1,0,0,0
50,50.0,6000,3,7,1948,2002,0.0,331,0,318,649,679,504,1183,1,0,1981.0,1,0,0,0
30,70.0,5684,6,8,1930,2005,0.0,0,0,813,813,813,0,813,1,0,1932.0,1,0,0,0
20,62.0,70761,7,5,1975,1975,0.0,655,0,878,1533,1533,0,1533,2,2,1975.0,2,200,0,0
60,75.0,9000,8,5,2008,2008,0.0,0,0,768,768,786,804,1590,2,0,2008.0,2,0,0,0
90,63.0,9297,5,5,1976,1976,0.0,1606,0,122,1728,1728,0,1728,2,0,1976.0,2,0,0,0
20,80.0,9600,7,6,1973,1973,320.0,916,0,326,1242,1242,0,1242,1,1,1973.0,2,0,0,0
70,34.0,4571,5,5,1916,1950,0.0,0,0,624,624,624,720,1344,1,0,1916.0,3,0,96,0
60,75.0,8004,8,5,2009,2009,110.0,544,0,288,832,832,1103,1935,2,0,2009.0,2,0,0,0
70,60.0,7200,7,9,1936,2007,0.0,350,210,0,560,575,560,1135,1,0,1971.0,2,256,0,0
20,60.0,8281,5,5,1965,1965,0.0,553,311,0,864,864,0,864,1,1,1965.0,1,0,236,0
70,74.0,11988,6,7,1934,1995,0.0,326,0,389,715,849,811,1660,1,1,1939.0,1,0,0,0
20,85.0,10628,7,5,1970,1970,0.0,778,0,499,1277,1277,0,1277,1,1,1970.0,2,0,0,0
70,79.0,9480,5,7,1942,1995,224.0,386,0,342,728,888,756,1644,1,2,1942.0,1,168,0,0
20,98.0,11428,8,5,2006,2006,248.0,0,0,1626,1626,1634,0,1634,2,1,2006.0,3,0,0,0
60,76.0,9291,6,5,1993,1993,120.0,426,0,406,832,832,878,1710,2,0,1993.0,2,144,0,0
60,92.0,11952,7,6,1977,1977,0.0,0,0,808,808,1161,808,1969,2,1,1977.0,2,0,0,0
180,35.0,3675,6,5,2005,2005,80.0,459,0,88,547,1072,0,1072,1,0,2005.0,2,0,0,0
20,110.0,14977,8,5,2006,2007,304.0,1350,0,626,1976,1976,0,1976,2,1,2006.0,3,250,0,0
120,41.0,5330,8,5,2000,2000,0.0,1196,0,298,1494,1652,0,1652,2,0,2000.0,2,96,0,0
20,80.0,8480,5,6,1963,1963,0.0,630,0,340,970,970,0,970,1,0,1996.0,2,0,0,0
20,75.0,13125,6,5,1997,1998,215.0,994,0,484,1478,1493,0,1493,2,1,1997.0,2,140,0,0
60,105.0,13693,9,5,2006,2006,772.0,0,0,2153,2153,2069,574,2643,2,1,2006.0,3,414,0,0
20,79.0,10637,8,5,2007,2008,336.0,1288,0,417,1705,1718,0,1718,2,1,2007.0,3,208,0,0
30,50.0,5925,4,7,1937,2000,435.0,168,0,739,907,1131,0,1131,1,0,1995.0,2,0,0,0
20,98.0,16033,9,5,2004,2005,378.0,1261,0,572,1833,1850,0,1850,2,1,2004.0,3,519,0,0
20,72.0,11846,9,5,2003,2004,562.0,1567,0,225,1792,1792,0,1792,2,1,2003.0,3,206,0,0
70,50.0,2500,7,8,1915,2005,0.0,299,0,611,910,916,910,1826,1,1,1915.0,1,0,0,0
120,32.0,4500,6,5,1998,1998,116.0,897,0,319,1216,1216,0,1216,2,0,1998.0,2,0,0,0
20,80.0,9600,5,7,1950,2007,0.0,607,0,506,1113,1113,0,1113,1,1,1950.0,1,0,120,0
20,79.0,10289,5,7,1965,1965,168.0,836,0,237,1073,1073,0,1073,1,0,1965.0,2,0,0,0
20,70.0,12243,5,6,1971,1971,0.0,998,0,486,1484,1484,0,1484,2,1,1971.0,2,224,0,0
190,60.0,10800,5,4,1900,1970,0.0,664,0,290,954,1766,648,2414,2,1,1970.0,2,142,0,0
180,21.0,1526,4,8,1970,2002,0.0,515,0,115,630,630,0,630,1,0,1970.0,1,0,0,0
50,79.0,9490,6,7,1941,1950,0.0,403,165,238,806,958,620,1578,1,2,1941.0,1,0,32,0
60,105.0,15578,6,5,2006,2006,0.0,0,0,728,728,728,728,1456,2,0,2006.0,2,0,0,0
20,70.0,7931,5,6,1960,1960,0.0,374,532,363,1269,1269,0,1269,1,1,1964.0,1,0,0,0
30,50.0,5784,5,8,1938,1996,0.0,0,0,190,190,886,0,886,1,0,1938.0,1,144,80,0
50,60.0,9120,7,6,1925,1950,0.0,329,0,697,1026,1133,687,1820,2,0,1925.0,1,0,0,0
20,65.0,7800,5,7,1967,2004,89.0,450,0,414,864,899,0,899,1,0,1967.0,1,64,0,0
20,70.0,7535,5,7,1958,1985,0.0,111,279,522,912,912,0,912,1,0,1958.0,1,12,0,480
160,21.0,1890,6,5,1973,1973,285.0,356,0,316,672,672,546,1218,1,0,1973.0,1,144,0,0
60,75.0,9803,7,5,2005,2005,0.0,400,0,466,866,866,902,1768,2,0,2005.0,2,0,0,0
20,70.0,9170,5,7,1965,1965,0.0,698,96,420,1214,1214,0,1214,1,0,1965.0,2,0,184,400
20,100.0,15602,7,8,1959,1997,0.0,1247,0,254,1501,1801,0,1801,2,2,1959.0,2,0,0,0
160,24.0,2308,6,5,1974,1974,0.0,257,495,103,855,855,467,1322,2,1,1974.0,2,260,0,0
90,60.0,7596,5,5,1952,1952,360.0,0,0,960,960,960,1000,1960,2,0,1952.0,2,0,0,0
60,80.0,9554,8,5,1993,1994,125.0,380,0,397,777,1065,846,1911,2,1,1993.0,2,182,0,0
20,75.0,7862,6,5,2009,2009,0.0,27,0,1191,1218,1218,0,1218,2,0,2009.0,2,0,0,0
70,60.0,9600,7,9,1928,2005,0.0,141,0,548,689,689,689,1378,2,1,1928.0,2,0,116,0
20,80.0,9600,5,6,1959,1959,132.0,991,0,50,1041,1041,0,1041,1,0,1959.0,1,224,0,0
20,75.0,14559,5,7,1951,2000,70.0,650,180,178,1008,1363,0,1363,1,2,1951.0,1,324,0,2000
120,40.0,6792,7,5,2005,2006,94.0,0,0,1368,1368,1368,0,1368,2,1,2005.0,2,132,0,0
20,70.0,9100,5,5,1958,1958,0.0,521,174,169,864,864,0,864,1,0,1964.0,2,0,0,0
20,71.0,9187,6,5,1983,1983,0.0,336,0,748,1084,1080,0,1080,1,0,1983.0,2,120,158,0
45,55.0,10594,5,5,1926,1950,0.0,0,0,768,768,789,0,789,1,0,1926.0,1,0,112,0
20,94.0,12220,10,5,2009,2009,305.0,1436,0,570,2006,2020,0,2020,2,1,2009.0,3,156,0,0
60,79.0,10208,7,5,1996,1997,921.0,0,0,1264,1264,1277,1067,2344,2,1,1996.0,3,220,0,0
70,53.0,10918,7,9,1926,2004,0.0,0,0,1276,1276,1276,804,2080,1,2,1926.0,1,0,0,0
20,90.0,11988,6,6,1957,1957,0.0,777,0,467,1244,1244,0,1244,1,2,1957.0,1,0,0,0
50,50.0,5000,6,7,1947,1950,0.0,399,0,605,1004,1004,660,1664,2,2,1950.0,2,0,36,0
60,130.0,40094,10,5,2007,2008,762.0,2260,0,878,3138,3138,1538,4676,3,1,2007.0,3,208,0,0
60,95.0,11787,7,5,1996,1997,594.0,719,0,660,1379,1383,1015,2398,2,1,1996.0,3,239,0,0
20,62.0,7500,7,5,2005,2005,0.0,0,0,1257,1257,1266,0,1266,2,1,2005.0,2,38,0,0
20,70.0,13300,5,7,1956,2000,0.0,377,0,551,928,928,0,928,1,0,1956.0,1,261,156,0
60,67.0,14948,9,5,2008,2008,268.0,1330,0,122,1452,1476,1237,2713,2,1,2008.0,3,126,0,0
80,85.0,10200,6,5,1988,1989,219.0,783,0,678,1461,1509,0,1509,2,1,1988.0,2,224,0,0
70,60.0,6155,6,8,1920,1999,0.0,0,0,611,611,751,611,1362,2,0,1920.0,2,0,84,0
20,60.0,7200,5,7,1955,2007,0.0,0,0,0,0,827,0,827,1,1,1967.0,1,0,0,0
60,74.0,9056,8,5,2004,2004,0.0,0,0,707,707,707,707,1414,2,1,2004.0,2,100,0,0
60,57.0,8924,7,5,1998,1999,0.0,0,0,880,880,880,844,1724,2,0,1998.0,2,120,0,0
20,85.0,14601,9,5,2006,2006,584.0,1260,0,578,1838,1838,0,1838,2,1,2006.0,3,270,0,0
20,78.0,10140,7,5,1998,1999,0.0,144,1127,379,1650,1680,0,1680,2,1,1998.0,2,78,0,0
120,34.0,4058,7,5,1998,1998,182.0,584,139,0,723,767,0,767,1,0,1998.0,1,120,0,0
60,58.0,17104,7,5,2006,2006,0.0,554,0,100,654,664,832,1496,2,1,2006.0,2,100,0,0
50,70.0,8737,6,7,1923,1950,0.0,300,0,765,1065,915,720,1635,1,1,1950.0,2,0,0,0
85,54.0,7244,5,7,1970,1970,0.0,619,0,149,768,768,0,768,1,0,1987.0,2,104,0,0
20,49.0,8235,5,7,1955,1995,0.0,180,645,0,825,825,0,825,1,0,1963.0,2,140,0,0
60,75.0,9375,7,5,2003,2004,0.0,0,0,912,912,912,1182,2094,2,1,2003.0,2,182,0,0
120,53.0,4043,6,6,1977,1977,0.0,559,0,510,1069,1069,0,1069,2,0,1977.0,2,0,0,0
20,50.0,6000,5,6,1957,1957,0.0,308,0,620,928,928,0,928,1,0,1957.0,1,0,0,0
20,87.0,11146,8,5,2006,2006,250.0,0,0,1709,1709,1717,0,1717,2,1,2006.0,3,169,0,0
20,67.0,8777,4,5,1949,2003,0.0,0,0,0,0,1126,0,1126,2,0,2002.0,2,0,0,0
60,85.0,10625,7,5,2003,2004,292.0,866,0,132,998,1006,1040,2046,2,1,2003.0,3,320,0,0
45,58.0,6380,5,6,1922,1950,0.0,0,0,993,993,1048,0,1048,1,1,1922.0,1,0,116,0
20,69.0,14850,5,5,1957,1957,0.0,895,0,197,1092,1092,0,1092,1,1,1957.0,1,268,0,0
50,60.0,11040,4,6,1920,1950,0.0,637,0,0,637,897,439,1336,1,0,1994.0,1,0,120,0
60,57.0,21872,7,5,1996,1997,0.0,604,0,125,729,729,717,1446,2,1,1996.0,2,264,0,0
20,77.0,10010,5,5,1974,1975,0.0,1071,123,195,1389,1389,0,1389,1,1,1975.0,2,240,0,0
50,66.0,21780,6,7,1918,1950,0.0,0,0,1163,1163,1163,511,1674,2,1,1955.0,2,72,0,0
70,66.0,6858,6,4,1915,1950,0.0,0,0,806,806,841,806,1647,1,0,1920.0,1,0,136,0
60,77.0,11198,9,5,2005,2007,245.0,0,0,1122,1122,1134,1370,2504,2,1,2005.0,3,144,0,0
20,70.0,10171,7,5,2004,2004,168.0,2,0,1515,1517,1535,0,1535,2,0,2004.0,2,0,0,0
50,79.0,12327,8,8,1983,2009,0.0,1441,0,55,1496,1496,636,2132,1,1,1983.0,2,349,0,0
90,74.0,13101,5,5,1965,1965,108.0,231,0,1497,1728,1728,0,1728,2,0,1987.0,2,0,0,0
20,60.0,7332,6,6,1959,1959,207.0,414,0,450,864,864,0,864,1,0,1959.0,1,168,0,0
60,83.0,13159,7,5,2009,2009,0.0,0,0,846,846,846,846,1692,2,0,2009.0,2,208,0,0
80,76.0,9967,7,5,2000,2000,0.0,0,0,384,384,774,656,1430,2,1,2000.0,2,100,0,0
80,70.0,10500,5,7,1971,2005,82.0,349,0,23,372,576,533,1109,1,0,1971.0,1,35,0,0
50,80.0,8480,5,5,1947,1950,0.0,442,0,390,832,832,384,1216,1,0,1947.0,1,158,102,0
50,52.0,6292,7,7,1928,1950,0.0,0,0,861,861,877,600,1477,2,1,1928.0,1,0,0,0
80,96.0,11777,5,6,1966,1966,97.0,328,551,285,1164,1320,0,1320,1,2,1966.0,2,160,240,0
160,34.0,3604,7,5,2007,2007,0.0,0,0,689,689,703,689,1392,2,0,2007.0,2,0,0,0
50,81.0,12150,5,5,1954,1954,335.0,0,0,1050,1050,1050,745,1795,2,0,1954.0,1,0,0,0
20,98.0,12704,8,5,2008,2009,306.0,0,0,2042,2042,2042,0,2042,2,1,2009.0,3,0,0,0
75,75.0,13500,10,9,1893,2000,0.0,0,0,1237,1237,1521,1254,2775,3,1,1988.0,2,105,0,0
50,51.0,6120,4,7,1935,1995,0.0,0,0,884,884,989,584,1573,1,0,1935.0,1,0,54,0
20,88.0,11443,8,5,2005,2006,208.0,1460,0,408,1868,2028,0,2028,2,2,2005.0,3,326,0,0
30,55.0,10267,6,7,1918,2000,0.0,210,606,0,816,838,0,838,1,0,1961.0,1,0,112,0
85,74.0,8740,5,6,1982,1982,0.0,672,0,168,840,860,0,860,1,0,1996.0,2,0,0,0
20,65.0,25095,5,8,1968,2003,0.0,1324,0,113,1437,1473,0,1473,1,2,1968.0,1,0,0,0
40,50.0,9100,5,6,1930,1960,0.0,0,0,742,742,779,0,935,1,0,1988.0,1,0,0,600
60,64.0,8320,7,5,2004,2004,0.0,490,0,280,770,770,812,1582,2,0,2004.0,2,0,0,0
60,97.0,13478,10,5,2008,2008,420.0,1338,0,384,1722,1728,568,2296,2,1,2008.0,3,382,0,0
20,60.0,6600,5,8,1982,2003,0.0,816,0,0,816,816,0,816,1,0,1985.0,2,0,0,0
20,88.0,7990,5,6,1975,1975,0.0,0,0,924,924,924,0,924,1,0,1981.0,1,0,0,0
20,69.0,11302,8,5,2005,2006,238.0,1422,0,392,1814,1826,0,1826,2,1,2005.0,3,180,0,0
70,60.0,3600,6,7,1910,1993,0.0,0,0,684,684,684,684,1368,1,0,1930.0,1,0,0,0
120,53.0,3922,7,5,2006,2007,72.0,0,0,1258,1258,1402,0,1402,0,1,2006.0,3,120,0,0
20,80.0,12984,5,6,1977,1977,459.0,1283,147,0,1430,1647,0,1647,2,1,1977.0,2,0,0,0
160,24.0,1950,6,6,1980,1980,0.0,81,612,23,716,716,840,1556,2,1,1980.0,2,161,0,0
60,74.0,10927,8,5,2005,2005,280.0,546,0,512,1058,1058,846,1904,2,1,2003.0,2,179,0,0
50,50.0,9000,6,6,1937,1950,0.0,0,0,780,780,780,595,1375,1,1,1979.0,1,0,0,0
60,80.0,10041,8,5,1992,1992,0.0,789,0,119,908,927,988,1915,2,1,1992.0,2,120,0,0
160,30.0,3182,7,5,2004,2005,0.0,0,0,600,600,600,600,1200,2,0,2004.0,2,0,0,0
20,88.0,12803,7,5,2002,2002,99.0,922,0,572,1494,1494,0,1494,2,1,2002.0,2,192,0,0
60,85.0,13600,7,6,1965,1990,176.0,454,0,314,768,1186,800,1986,2,3,1965.0,2,0,0,0
20,82.0,12464,5,5,1996,1996,0.0,732,0,308,1040,1040,0,1040,1,0,2000.0,2,168,0,0
20,78.0,7800,5,8,1948,2002,0.0,603,0,293,896,1112,896,2008,3,0,1948.0,1,103,0,0
70,78.0,12168,8,6,1934,1998,0.0,428,0,537,965,1940,1254,3194,2,2,1934.0,2,0,0,0
20,61.0,7943,4,5,1961,1961,192.0,903,0,126,1029,1029,0,1029,1,0,1961.0,1,64,39,0
85,80.0,8800,6,7,1963,1963,156.0,763,0,173,936,1054,0,1054,1,0,1963.0,2,120,0,0
45,59.0,7227,6,6,1954,1954,0.0,0,0,832,832,832,0,832,1,0,1962.0,2,0,0,0
20,90.0,11694,9,5,2007,2007,452.0,48,0,1774,1822,1828,0,1828,2,1,2007.0,3,0,0,0
60,85.0,12244,8,5,2003,2003,226.0,871,0,611,1482,1482,780,2262,2,2,2003.0,3,168,0,0
60,90.0,10800,6,7,1974,1997,0.0,956,182,384,1522,1548,1066,2614,2,1,1974.0,2,38,0,0
20,71.0,7064,5,6,1977,1977,153.0,560,0,420,980,980,0,980,1,0,1986.0,2,192,0,0
60,80.0,10400,6,5,1972,1972,288.0,247,0,485,732,1012,778,1790,1,1,1972.0,2,148,0,0
20,87.0,10000,6,6,1962,1962,261.0,0,0,1116,1116,1116,0,1116,1,0,1962.0,2,0,0,0
80,80.0,9600,6,6,1955,1972,164.0,674,132,350,1156,1520,0,1520,1,2,1955.0,1,0,189,0
60,70.0,11606,5,5,1969,1969,192.0,650,0,390,1040,1040,1040,2080,1,2,1969.0,2,335,0,0
80,82.0,9020,6,5,1964,1964,259.0,624,336,288,1248,1350,0,1350,1,0,1964.0,2,176,0,0
70,50.0,9000,5,6,1880,1991,0.0,0,0,636,636,1089,661,1750,1,0,1937.0,1,0,293,0
120,34.0,4590,8,5,2006,2006,108.0,24,0,1530,1554,1554,0,1554,2,1,2006.0,2,156,0,0
20,85.0,11900,7,5,1977,1977,209.0,822,0,564,1386,1411,0,1411,2,1,1977.0,2,192,0,0
20,80.0,9250,5,7,1954,2005,0.0,480,468,108,1056,1056,0,1056,1,0,1954.0,1,390,0,0
90,64.0,6979,6,5,1980,1980,0.0,1056,0,0,1056,1056,0,1056,0,0,1980.0,2,264,0,600
190,50.0,6000,5,4,1954,1954,0.0,0,0,811,811,811,576,1387,2,0,1954.0,1,0,0,0
120,53.0,3982,8,5,2006,2006,0.0,1154,0,366,1520,1567,0,1567,2,1,2006.0,3,312,0,0
120,62.0,12677,8,5,2003,2004,472.0,1218,0,300,1518,1518,0,1518,1,1,2003.0,2,185,0,0
80,75.0,13860,8,7,1972,1995,0.0,1410,0,542,1952,2000,704,2704,2,3,1972.0,2,269,0,0
60,80.0,10793,5,5,1969,1969,263.0,493,287,0,780,780,840,1620,2,0,1969.0,2,208,0,0
20,85.0,9187,9,5,2009,2009,162.0,1121,0,645,1766,1766,0,1766,2,1,2009.0,3,195,0,0
20,60.0,7200,5,5,1950,1950,0.0,0,0,0,0,1048,0,1048,1,0,1950.0,2,0,0,0
20,85.0,10452,6,5,1953,1953,216.0,500,0,594,1094,1094,0,1094,1,2,1953.0,2,0,0,0
60,70.0,7700,6,5,1966,1966,351.0,0,0,756,756,1051,788,1839,1,1,1966.0,2,0,216,0
70,60.0,9084,4,5,1940,1950,0.0,0,0,755,755,755,755,1510,1,1,1940.0,1,120,0,0
60,70.0,8750,7,5,1996,1996,0.0,0,0,880,880,909,807,1716,2,1,1996.0,2,0,0,0
50,60.0,10320,6,7,1906,1995,0.0,0,0,756,756,756,713,1469,1,0,1906.0,1,57,239,0
20,91.0,10437,8,6,1995,1995,660.0,1696,0,413,2109,2113,0,2113,2,1,1995.0,3,236,0,0
160,21.0,1680,6,5,1971,1971,381.0,0,0,525,525,525,567,1092,1,0,1971.0,1,0,0,0
20,72.0,10007,5,7,1959,2006,54.0,806,0,247,1053,1053,0,1053,1,0,1959.0,1,0,0,0
70,60.0,7200,7,6,1931,2000,0.0,0,0,776,776,851,651,1502,1,1,1931.0,1,0,112,0
50,78.0,17503,6,5,1948,1950,0.0,0,0,912,912,912,546,1458,1,1,1948.0,1,192,0,0
20,75.0,9937,5,7,1964,1999,0.0,637,0,849,1486,1486,0,1486,1,0,1968.0,2,0,0,0
60,52.0,46589,8,7,1994,2005,528.0,1361,180,88,1629,1686,762,2448,2,1,1994.0,3,517,0,0
20,120.0,13560,6,3,1968,1968,216.0,0,0,1392,1392,1392,0,1392,1,2,1968.0,2,0,240,0
85,90.0,10012,4,5,1972,1972,0.0,920,180,38,1138,1181,0,1181,2,0,1974.0,2,0,180,0
20,49.0,20896,8,5,2005,2006,0.0,1721,0,356,2077,2097,0,2097,1,1,2005.0,3,192,0,0
60,106.0,11194,8,5,2000,2000,40.0,0,0,1406,1406,1454,482,1936,2,1,2000.0,2,188,0,0
20,65.0,8125,6,5,1994,1998,258.0,1138,0,270,1408,1679,0,1679,2,1,1994.0,2,224,0,0
30,80.0,11600,4,5,1922,1950,0.0,0,0,700,700,1180,0,1180,1,1,1922.0,1,0,67,0
60,64.0,8633,6,5,2005,2005,0.0,193,0,545,738,738,738,1476,2,0,2005.0,2,100,0,0
70,54.0,6629,6,6,1925,1950,0.0,551,0,121,672,697,672,1369,2,0,1930.0,1,147,0,0
20,110.0,14442,6,7,1957,2004,106.0,1186,0,291,1477,1839,0,1839,2,2,1957.0,2,0,0,0
20,80.0,9200,6,6,1965,1965,0.0,892,0,244,1136,1136,0,1136,1,1,1965.0,1,426,0,0
160,24.0,2289,6,6,1978,1978,0.0,311,0,544,855,855,586,1441,2,1,1978.0,2,28,0,0
70,60.0,9600,4,2,1900,1950,0.0,0,0,1095,1095,1095,679,1774,2,0,1920.0,3,0,90,0
30,52.0,9022,5,8,1924,2006,0.0,0,0,768,768,792,0,792,1,0,1924.0,1,316,120,0
20,80.0,11844,8,5,2008,2008,464.0,0,0,2046,2046,2046,0,2046,2,1,2008.0,3,322,0,0
120,50.0,8012,6,5,1980,1980,0.0,543,119,261,923,923,0,923,2,1,1980.0,1,80,0,0
50,55.0,4500,5,5,1932,2000,0.0,182,0,611,793,848,672,1520,1,0,1968.0,1,0,56,0
20,90.0,11248,9,5,2002,2002,215.0,1059,0,567,1626,1668,0,1668,2,1,2002.0,3,257,0,0
60,58.0,16770,7,5,1998,1998,30.0,0,0,1195,1195,1195,644,1839,2,0,1998.0,2,0,0,0
60,84.0,10207,7,6,2007,2007,0.0,0,0,874,874,874,887,1761,3,0,2007.0,2,144,0,0
20,60.0,8089,8,6,2007,2007,0.0,945,0,474,1419,1419,0,1419,2,1,2007.0,2,140,0,0
120,61.0,7577,6,5,2005,2006,256.0,20,0,1342,1362,1362,0,1362,2,1,2005.0,2,192,0,0
60,104.0,21535,10,6,1994,1995,1170.0,1455,0,989,2444,2444,1872,4316,3,2,1994.0,3,382,0,0
60,42.0,26178,7,5,1989,1990,293.0,965,0,245,1210,1238,1281,2519,2,2,1989.0,2,320,0,0
30,60.0,5400,5,6,1921,1968,0.0,0,0,1073,1073,1073,0,1073,1,0,1968.0,1,0,112,0
50,51.0,6120,5,6,1936,1950,0.0,0,0,927,927,1067,472,1539,1,0,1995.0,2,112,0,0
20,54.0,13811,6,6,1987,1987,72.0,980,40,92,1112,1137,0,1137,2,1,1987.0,2,125,0,0
30,50.0,6000,5,7,1921,1950,0.0,616,0,0,616,616,0,616,1,0,1921.0,1,0,129,0
20,57.0,6420,5,7,1952,1952,0.0,210,551,219,980,1148,0,1148,1,0,1952.0,1,0,0,0
20,65.0,8450,5,8,1965,2009,0.0,553,117,224,894,894,0,894,1,1,1973.0,1,416,0,0
120,59.0,4282,7,5,2004,2004,0.0,16,0,1375,1391,1391,0,1391,2,0,2004.0,2,156,0,0
20,85.0,14331,8,5,2002,2002,630.0,1274,0,526,1800,1800,0,1800,2,1,2002.0,3,270,0,0
20,80.0,9600,7,5,1969,1969,168.0,0,0,1164,1164,1164,0,1164,1,0,1969.0,2,0,0,0
60,82.0,12438,8,5,2006,2006,466.0,0,0,1234,1234,1264,1312,2576,2,1,2006.0,3,324,0,0
190,76.0,7630,5,9,1900,1996,0.0,0,0,360,360,1032,780,1812,2,1,1999.0,2,344,40,0
20,70.0,8400,7,5,2004,2005,109.0,712,0,761,1473,1484,0,1484,2,0,2004.0,2,0,0,0
120,48.0,6240,8,5,2006,2006,176.0,863,0,461,1324,1324,0,1324,2,1,2006.0,2,192,0,0
60,65.0,9018,7,5,2007,2007,0.0,0,0,728,728,728,728,1456,2,1,2007.0,2,100,0,0
50,66.0,8712,4,7,1900,1950,0.0,0,0,859,859,859,319,1178,1,0,1964.0,1,68,98,0
120,40.0,4671,8,5,1988,1989,0.0,767,0,461,1228,1228,0,1228,2,1,1988.0,2,168,0,0
190,60.0,9873,4,5,1970,1970,160.0,789,0,171,960,960,0,960,1,0,1970.0,2,0,0,0
20,78.0,10140,6,5,1974,1974,174.0,0,0,1064,1064,1350,0,1350,2,1,1974.0,2,0,0,0
70,60.0,10800,7,8,1890,1998,0.0,0,0,718,718,1576,978,2554,1,0,1996.0,2,0,143,0
20,80.0,10000,5,6,1973,2000,0.0,1084,0,92,1176,1178,0,1178,1,1,1973.0,2,224,0,0
60,96.0,10542,7,5,1993,1994,651.0,1173,0,138,1311,1325,1093,2418,2,1,1993.0,3,250,216,0
20,69.0,9920,5,6,1969,1969,0.0,523,0,448,971,971,0,971,1,1,1969.0,1,0,0,0
20,70.0,8120,4,7,1970,1970,0.0,191,0,673,864,864,0,864,1,0,1994.0,2,0,0,0
50,60.0,8172,4,6,1954,1972,0.0,0,0,941,941,997,473,1470,2,0,1958.0,1,0,0,0
20,86.0,13286,9,5,2007,2008,340.0,1234,0,464,1698,1698,0,1698,2,1,2007.0,3,327,0,0
20,60.0,6960,4,6,1970,1970,0.0,375,239,250,864,864,0,864,1,0,1989.0,2,96,0,500
20,64.0,7314,7,5,2007,2007,82.0,724,0,508,1232,1232,0,1232,2,0,2007.0,2,132,0,0
90,85.0,11475,5,5,1958,1958,95.0,0,0,1584,1584,1776,0,1776,2,0,1968.0,3,0,0,0
30,52.0,6240,4,5,1925,1950,0.0,152,0,628,780,848,0,1208,1,0,1962.0,2,0,112,0
120,39.0,5389,8,5,1995,1996,0.0,1180,0,415,1595,1616,0,1616,2,1,1995.0,2,237,0,0
80,73.0,9590,7,5,2003,2003,442.0,786,0,82,868,1146,0,1146,2,1,2003.0,2,160,0,0
60,75.0,11404,7,5,1998,1999,202.0,252,0,901,1153,1153,878,2031,2,1,1998.0,2,192,0,0
20,80.0,10000,5,6,1961,1983,0.0,594,0,270,864,1144,0,1144,1,1,1961.0,1,165,0,400
75,60.0,10800,7,7,1914,1970,0.0,390,0,490,880,880,888,1768,1,2,1914.0,2,0,0,0
90,60.0,8544,3,4,1950,1950,0.0,0,0,0,0,1040,0,1040,2,0,1949.0,2,0,0,0
60,72.0,10463,8,5,2005,2005,0.0,0,0,893,893,901,900,1801,2,1,2005.0,3,0,0,0
60,65.0,9313,7,5,2004,2004,0.0,0,0,864,864,864,864,1728,2,0,2004.0,2,187,0,0
70,60.0,9600,5,7,1910,2002,0.0,0,0,264,264,768,664,1432,2,0,1910.0,2,270,112,0
20,65.0,6768,6,8,1961,1996,0.0,832,0,80,912,912,0,912,1,0,1962.0,1,168,0,0
20,65.0,8450,7,5,2000,2001,108.0,0,0,1349,1349,1349,0,1349,2,0,2000.0,2,120,0,0
80,70.0,12886,5,6,1963,1999,0.0,444,0,76,520,1464,0,1464,2,1,1997.0,2,302,0,0
120,41.0,5395,8,5,1993,1993,0.0,733,0,604,1337,1337,0,1337,2,1,1993.0,2,96,70,0
70,65.0,11700,7,7,1880,2003,0.0,0,0,1240,1240,1320,1320,2640,1,1,1950.0,4,181,386,0
20,59.0,10593,7,5,1996,1996,338.0,919,0,801,1720,1720,0,1720,2,1,1996.0,2,240,154,0
50,50.0,8405,4,3,1945,1950,0.0,0,0,0,0,1088,441,1529,2,0,1945.0,1,92,185,0
20,79.0,9236,6,5,1997,1997,0.0,1200,0,279,1479,1494,0,1494,2,0,1997.0,2,168,0,0
60,80.0,10240,8,5,2005,2005,178.0,0,0,1030,1030,1038,1060,2098,2,1,2005.0,3,192,0,0
20,61.0,7930,6,8,1969,2005,0.0,439,472,115,1026,1026,0,1026,1,0,1969.0,2,171,0,0
160,34.0,3230,6,5,1999,1999,894.0,381,0,348,729,742,729,1471,2,0,1999.0,2,0,0,0
60,68.0,10769,8,5,2007,2007,0.0,20,0,846,866,866,902,1768,2,0,2007.0,2,144,0,0
160,24.0,2280,7,5,1999,1999,360.0,549,0,195,744,757,744,1501,2,0,1999.0,2,0,0,0
60,65.0,12257,8,5,1995,1995,513.0,56,64,1198,1318,1328,1203,2531,2,1,1995.0,3,222,0,0
20,70.0,9100,6,6,1959,1959,0.0,612,0,252,864,864,0,864,1,0,2008.0,1,0,0,450
30,60.0,6911,5,5,1924,1950,0.0,405,0,740,1145,1301,0,1301,1,0,1965.0,2,0,0,0
60,72.0,8640,7,5,2009,2009,0.0,24,0,732,756,764,783,1547,2,0,2009.0,2,169,0,0
60,82.0,9430,8,5,1999,1999,673.0,1163,0,89,1252,1268,1097,2365,2,1,1999.0,3,0,0,0
120,30.0,9549,8,5,1995,1996,0.0,437,1057,0,1494,1494,0,1494,1,1,1995.0,2,0,0,0
20,75.0,14587,9,5,2008,2008,284.0,0,0,1498,1498,1506,0,1506,2,1,2008.0,2,0,0,0
60,80.0,10421,7,5,1988,1988,42.0,394,0,586,980,980,734,1714,2,1,1988.0,2,228,156,500
50,75.0,12508,6,7,1940,1985,0.0,660,0,323,983,983,767,1750,2,0,1989.0,1,245,156,1300
20,70.0,9100,7,5,2004,2005,0.0,24,0,1836,1860,1836,0,1836,2,1,2004.0,2,120,0,0
60,47.0,53504,8,5,2003,2003,603.0,1416,0,234,1650,1690,1589,3279,3,1,2003.0,3,503,0,0
20,67.0,8877,4,5,1951,1951,0.0,836,0,0,836,1220,0,1220,1,0,1951.0,2,0,0,0
80,94.0,7819,6,5,1976,1976,0.0,422,127,480,1029,1117,0,1117,1,1,1976.0,2,144,0,0
20,70.0,10150,5,5,1958,1958,1.0,456,0,456,912,912,0,912,1,0,1958.0,1,0,0,0
20,110.0,14226,8,5,2006,2006,375.0,0,0,1935,1935,1973,0,1973,2,1,2006.0,3,315,0,0
120,32.0,4500,6,5,1998,1998,320.0,866,0,338,1204,1204,0,1204,2,0,1998.0,2,0,0,0
20,86.0,11210,7,5,2005,2006,240.0,20,0,1594,1614,1614,0,1614,2,0,2005.0,3,144,0,0
20,100.0,13350,5,5,1974,1974,0.0,762,0,102,864,894,0,894,1,1,1974.0,2,241,0,0
90,60.0,8400,5,5,1977,1977,320.0,0,0,0,0,2020,0,2020,2,2,1977.0,2,0,0,0
90,78.0,10530,6,5,1977,1977,90.0,975,0,0,975,1004,0,1004,1,0,1977.0,2,0,0,0
20,63.0,7875,7,5,1995,1996,38.0,0,0,1237,1237,1253,0,1253,2,1,1995.0,2,220,0,0
60,65.0,7153,6,5,1992,1992,0.0,387,0,374,761,810,793,1603,2,0,1992.0,2,0,0,0
20,67.0,16285,7,5,2001,2002,0.0,0,0,1413,1413,1430,0,1430,2,0,2001.0,2,0,0,0
50,60.0,10800,5,6,1915,1950,0.0,686,0,0,686,966,686,1652,2,0,1961.0,1,0,196,1200
60,76.0,10142,7,5,2004,2004,0.0,656,0,300,956,956,1128,2084,2,0,2004.0,2,0,0,0
20,50.0,6000,4,7,1954,2000,0.0,0,0,901,901,901,0,901,1,0,1954.0,1,0,0,0
120,43.0,3182,7,5,2005,2006,11.0,16,0,1129,1145,1145,0,1145,2,1,2005.0,2,100,0,0
60,92.0,9920,7,5,1996,1997,0.0,862,0,255,1117,1127,886,2013,2,1,1997.0,2,180,0,0
20,76.0,9158,8,5,2007,2007,140.0,0,0,1496,1496,1496,0,1496,2,0,2007.0,2,168,0,0
60,70.0,8400,6,6,1980,1981,130.0,0,0,650,650,888,676,1564,2,1,1980.0,2,0,0,0
20,71.0,8197,6,5,1977,1977,148.0,0,0,660,660,1285,0,1285,1,1,1977.0,2,138,0,0
20,57.0,7677,5,5,1953,1953,0.0,570,0,203,773,773,0,773,1,0,1953.0,1,0,0,0
60,104.0,13518,9,5,2008,2009,860.0,0,0,1926,1926,1966,1174,3140,3,2,2009.0,3,144,0,0
50,60.0,7200,5,7,1937,1950,252.0,569,0,162,731,981,787,1768,1,2,1939.0,1,0,264,0
60,79.0,12798,6,5,1997,1997,0.0,462,0,154,616,616,1072,1688,2,0,1997.0,2,403,185,400
30,40.0,4800,4,7,1916,1990,0.0,197,0,999,1196,1196,0,1196,1,0,1957.0,2,0,0,0
60,63.0,8199,7,5,2005,2005,0.0,648,0,80,728,728,728,1456,2,1,2005.0,2,36,0,0
60,107.0,13891,9,5,2008,2009,424.0,0,0,1734,1734,1734,1088,2822,3,1,2009.0,3,52,0,0
20,75.0,9000,5,5,1954,1954,0.0,812,0,124,936,1128,0,1128,1,0,1954.0,1,0,0,0
20,91.0,12274,7,5,2008,2008,256.0,0,0,1417,1417,1428,0,1428,2,0,2008.0,2,0,0,0
80,75.0,9750,5,5,1967,1967,0.0,400,480,100,980,980,0,980,2,0,1967.0,1,68,0,0
70,144.0,21384,5,6,1923,2004,0.0,1309,0,15,1324,1072,504,1576,1,1,1923.0,2,0,0,0
80,85.0,13400,5,5,1966,1966,1047.0,516,128,380,1024,1086,0,1086,1,1,1966.0,2,0,0,0
75,90.0,8100,5,5,1898,1965,0.0,0,0,849,849,1075,1063,2138,2,0,1910.0,2,40,0,0
20,78.0,10140,6,6,1974,1999,99.0,663,377,0,1040,1309,0,1309,1,1,1974.0,2,265,0,0
20,66.0,8712,5,5,1952,1952,0.0,0,0,540,540,1044,0,1044,1,0,1952.0,2,0,0,54
20,75.0,9750,6,6,1958,1958,243.0,608,0,834,1442,1442,0,1442,1,0,1958.0,1,0,275,500
50,45.0,8248,5,7,1918,1950,0.0,0,0,686,686,686,564,1250,1,0,1955.0,1,207,96,0
20,48.0,12137,7,5,1998,1998,442.0,0,0,1649,1649,1661,0,1661,2,0,1998.0,2,0,0,0
80,80.0,8816,6,7,1971,1971,80.0,504,0,506,1010,1052,0,1052,1,0,1971.0,2,0,0,0
120,44.0,6371,7,5,2009,2010,128.0,733,0,625,1358,1358,0,1358,2,1,2010.0,2,192,0,0
60,72.0,7226,7,5,2003,2003,0.0,0,0,798,798,798,842,1640,2,0,2003.0,2,0,0,0
20,60.0,6000,4,4,1953,1953,0.0,0,0,936,936,936,0,936,1,0,1974.0,2,0,112,0
50,60.0,9900,6,7,1940,1950,0.0,0,0,778,778,944,545,1489,2,1,1940.0,1,335,0,0
20,81.0,11216,8,5,2006,2006,0.0,0,0,1489,1489,1489,0,1489,2,1,2006.0,2,0,0,0
20,114.0,14803,10,5,2007,2008,816.0,1636,0,442,2078,2084,0,2084,2,1,2007.0,3,188,0,0
20,65.0,8529,7,5,2001,2001,0.0,20,0,1434,1454,1434,0,1434,2,1,2001.0,2,290,0,0
160,24.0,2544,7,5,2005,2005,0.0,0,0,600,600,520,623,1223,2,0,2005.0,2,0,0,0
20,80.0,11900,6,5,1957,1957,387.0,1040,0,352,1392,1392,0,1392,1,2,1957.0,2,0,0,0
160,30.0,3180,7,5,2005,2005,0.0,0,0,600,600,520,600,1200,2,0,2005.0,2,0,0,0
60,44.0,9548,7,6,2003,2003,223.0,483,0,458,941,941,888,1829,2,1,2003.0,2,192,0,0
20,100.0,10004,6,6,1964,1964,180.0,196,345,975,1516,1516,0,1516,1,0,1964.0,2,0,0,0
20,75.0,7875,5,6,1961,1961,136.0,572,0,572,1144,1144,0,1144,1,0,1961.0,2,0,0,0
20,60.0,9600,4,7,1950,1995,0.0,442,0,625,1067,1067,0,1067,2,0,1996.0,2,290,0,0
30,90.0,8100,5,6,1948,1973,0.0,338,0,1221,1559,1559,0,1559,1,0,1948.0,2,0,230,0
160,21.0,1680,6,5,1973,1973,158.0,330,0,153,483,483,504,987,1,0,1973.0,1,0,0,0
20,75.0,9525,5,6,1995,2006,0.0,0,0,1099,1099,1099,0,1099,1,0,1999.0,1,278,0,0
50,70.0,11767,5,6,1946,1995,0.0,352,0,416,768,768,432,1200,1,0,1946.0,1,0,0,0
70,60.0,10440,5,8,1904,2002,0.0,0,0,650,650,958,581,1539,2,1,1983.0,2,70,68,0
80,82.0,9020,6,7,1966,1966,183.0,312,539,276,1127,1165,0,1165,1,0,1966.0,2,0,0,0
50,100.0,12665,5,8,1915,1950,0.0,0,0,876,876,876,540,1416,1,1,1949.0,3,418,194,0
60,75.0,9317,7,5,1993,1993,137.0,513,0,227,740,1006,769,1775,2,1,1993.0,2,234,192,0
20,36.0,15523,5,6,1972,1972,0.0,460,0,404,864,864,0,864,1,1,1972.0,1,0,0,0
50,75.0,45600,6,8,1908,1997,0.0,0,0,907,907,1307,1051,2358,3,1,1908.0,2,486,0,0
80,80.0,9600,6,7,1976,1994,360.0,0,0,528,528,1094,761,1855,2,1,1976.0,2,113,0,0
120,36.0,4435,6,5,2003,2003,170.0,659,0,189,848,848,0,848,1,0,2003.0,2,140,0,0
75,53.0,7128,7,5,1941,1950,0.0,364,0,554,918,918,728,1646,2,2,1941.0,1,0,0,0
20,102.0,17920,5,4,1955,1974,0.0,306,1085,372,1763,1779,0,1779,1,1,1955.0,2,0,0,0
60,65.0,8125,6,5,1994,1995,0.0,0,0,702,702,702,779,1481,2,1,1994.0,2,0,0,0
20,80.0,10400,7,5,1976,1976,189.0,0,0,1090,1090,1370,0,1370,2,1,1976.0,2,0,0,0
50,55.0,7642,7,8,1918,1998,0.0,0,0,912,912,912,514,1426,1,1,1925.0,1,0,0,0
190,75.0,11625,5,4,1965,1965,0.0,841,0,198,1039,1039,0,1039,1,0,1965.0,2,0,0,0
20,81.0,9672,6,5,1984,1985,0.0,338,0,702,1040,1097,0,1097,2,0,1986.0,2,0,0,0
20,70.0,7931,5,5,1959,1959,0.0,1148,0,0,1148,1148,0,1148,1,0,1959.0,1,0,0,0
20,72.0,8640,7,5,2007,2008,0.0,0,0,1372,1372,1372,0,1372,2,0,2008.0,2,0,0,0
20,67.0,10656,8,5,2006,2007,274.0,0,0,1638,1638,1646,0,1646,2,1,2007.0,3,192,0,0
20,85.0,6970,4,5,1961,1961,0.0,932,0,108,1040,1120,0,1120,1,0,1961.0,2,168,0,400
60,80.0,9938,7,5,1993,1994,246.0,750,0,300,1050,1062,887,1949,2,1,1993.0,2,156,0,0
20,60.0,6600,5,5,1962,1962,0.0,0,0,894,894,894,0,894,1,0,1962.0,1,0,0,0
60,70.0,8750,6,5,1998,1998,116.0,505,0,299,804,804,878,1682,2,0,1998.0,2,0,0,0
20,74.0,8892,5,7,1953,1996,0.0,0,0,105,105,910,0,910,1,0,1953.0,2,196,150,0
40,60.0,12144,5,7,1949,1950,0.0,375,0,457,832,1036,0,1268,1,1,1949.0,1,0,0,0
50,52.0,5720,5,6,1941,1950,0.0,0,0,676,676,676,455,1131,1,0,1941.0,1,26,0,0
60,75.0,9000,8,5,2007,2007,0.0,64,0,1120,1184,1184,1426,2610,2,1,2007.0,2,208,0,0
20,94.0,25286,4,5,1963,1963,0.0,633,0,431,1064,1040,0,1040,1,0,1963.0,2,0,0,0
60,74.0,8834,9,5,2004,2005,216.0,1170,0,292,1462,1462,762,2224,2,1,2004.0,3,184,0,0
85,88.0,11782,5,7,1961,1995,0.0,899,0,210,1109,1155,0,1155,1,0,1987.0,2,192,0,400
20,60.0,7024,5,5,2005,2006,0.0,980,0,110,1090,1090,0,1090,1,0,2005.0,2,0,0,0
50,44.0,13758,7,5,1990,1991,117.0,902,0,254,1156,1187,530,1717,2,1,1990.0,2,168,0,0
75,60.0,6204,4,5,1912,1950,0.0,0,0,795,795,954,795,2230,1,0,1997.0,1,0,0,0
20,65.0,7150,5,5,1967,1967,60.0,432,0,460,892,892,0,892,1,0,1967.0,1,0,0,0
120,50.0,5119,9,5,1999,2000,60.0,1238,0,460,1698,1709,0,1709,2,1,1999.0,2,97,0,0
90,70.0,8393,5,5,1959,2005,122.0,528,0,1098,1626,1712,0,1712,2,0,2005.0,2,272,0,0
50,59.0,16466,5,7,1955,1955,0.0,0,0,816,816,872,521,1393,1,0,1955.0,1,121,0,0
20,95.0,15865,8,6,1970,1970,0.0,351,823,1043,2217,2217,0,2217,2,1,1970.0,2,81,0,0
20,128.0,12160,6,4,1953,1953,90.0,1024,0,481,1505,1505,0,1505,1,1,1953.0,2,0,0,0
50,60.0,8064,5,7,1949,2006,0.0,0,0,672,672,672,252,924,1,1,2003.0,2,0,0,2000
60,70.0,11184,6,5,1978,1978,92.0,226,500,192,918,918,765,1683,2,1,1978.0,2,243,0,0
20,70.0,8414,6,8,1963,2003,0.0,663,0,396,1059,1068,0,1068,1,0,1963.0,1,192,0,0
90,64.0,7018,5,5,1979,1979,0.0,0,0,0,0,1535,0,1535,2,0,1979.0,2,0,0,0
60,71.0,7056,6,5,1963,1963,415.0,400,0,380,780,983,813,1796,1,1,1963.0,2,0,0,0
30,50.0,8765,4,6,1936,1950,0.0,285,0,666,951,951,0,951,1,0,1936.0,1,0,0,0
90,64.0,7018,5,5,1979,1979,0.0,0,0,0,0,1120,1120,2240,2,0,1979.0,2,154,0,0
20,100.0,12919,9,5,2009,2010,760.0,2188,0,142,2330,2364,0,2364,2,2,2009.0,3,0,0,0
20,65.0,6993,5,7,1961,1994,0.0,465,0,447,912,1236,0,1236,1,1,1961.0,1,0,0,0
20,64.0,8712,5,7,1957,2000,0.0,860,0,132,992,1306,0,1306,1,0,1968.0,1,0,0,0
60,63.0,7875,7,5,2003,2003,0.0,0,0,783,783,807,702,1509,2,1,2003.0,2,0,0,0
20,50.0,14859,7,5,2006,2006,27.0,0,0,1670,1670,1670,0,1670,2,1,2006.0,3,144,0,0
20,80.0,9920,5,5,1954,1954,110.0,354,290,412,1056,1063,0,1063,1,0,1954.0,1,0,164,0
20,116.0,13501,8,5,2006,2006,208.0,63,0,1560,1623,1636,0,1636,2,1,2006.0,3,0,0,0
50,86.0,11500,7,7,1936,1987,0.0,223,0,794,1017,1020,1037,2057,1,1,1936.0,1,0,0,0
60,149.0,12589,6,5,2005,2005,0.0,0,0,742,742,742,742,1484,2,1,2005.0,2,36,0,0
90,80.0,11600,5,5,1960,1960,361.0,443,0,662,1105,1105,1169,2274,2,0,1960.0,2,0,0,0
30,51.0,6120,5,7,1925,1950,0.0,489,0,279,768,1015,0,1015,1,0,1925.0,1,0,112,620
90,82.0,6270,5,6,1949,1950,0.0,284,0,717,1001,1001,1001,2002,2,0,1949.0,3,0,0,0
160,30.0,3000,6,5,2009,2009,76.0,294,0,318,612,612,612,1224,2,0,2009.0,2,0,0,0
160,21.0,2001,4,5,1970,1970,80.0,0,0,546,546,546,546,1092,1,0,1970.0,1,0,0,0
20,50.0,9000,2,3,1949,1950,0.0,50,0,430,480,480,0,480,0,0,1958.0,1,0,0,0
60,103.0,13125,7,5,1991,1991,0.0,48,634,422,1104,912,1215,2127,2,1,1991.0,3,72,224,0
20,87.0,11029,6,8,1958,2002,0.0,528,411,245,1184,1414,0,1414,1,1,1990.0,2,0,0,0
60,70.0,8462,6,5,1994,1994,105.0,814,0,114,928,936,785,1721,2,0,1994.0,2,300,0,0
20,65.0,10237,6,5,2005,2006,0.0,28,0,1288,1316,1316,0,1316,2,1,2005.0,2,100,0,0
120,50.0,8012,6,5,1993,1994,0.0,165,841,598,1604,1617,0,1617,2,1,1993.0,2,0,0,0
20,79.0,10240,6,6,1980,1980,157.0,625,1061,0,1686,1686,0,1686,2,1,1980.0,2,384,0,0
60,93.0,11999,8,5,2003,2004,340.0,0,0,1181,1181,1234,1140,2374,2,1,2003.0,3,104,0,0
20,73.0,8925,8,5,2007,2007,0.0,16,0,1450,1466,1466,0,1466,2,0,2007.0,3,100,0,0
20,70.0,9100,5,6,1965,1965,0.0,338,466,121,925,925,0,925,1,0,1965.0,1,0,0,0
20,84.0,11670,9,5,2006,2006,302.0,0,0,1905,1905,1905,0,1905,2,1,2006.0,3,0,0,0
20,63.0,8487,7,5,2004,2004,210.0,20,0,1480,1500,1500,0,1500,2,0,2004.0,2,192,0,0
20,313.0,27650,7,7,1960,2007,0.0,425,0,160,585,2069,0,2069,2,1,1960.0,2,0,0,0
30,52.0,5825,4,5,1926,1953,108.0,0,0,600,600,747,0,747,1,0,1953.0,2,0,32,0
60,75.0,9675,7,5,2005,2005,0.0,341,0,772,1113,1113,858,1971,2,1,2005.0,2,0,0,0
60,73.0,8760,7,5,2006,2006,0.0,464,0,927,1391,1391,571,1962,2,0,2006.0,3,0,0,0
90,55.0,12640,6,5,1976,1976,0.0,936,396,396,1728,1728,0,1728,2,0,1976.0,2,40,0,0
90,100.0,25000,5,4,1967,1967,0.0,0,0,1632,1632,1632,0,1632,2,0,1967.0,2,0,0,0
50,98.0,8820,5,6,1890,1996,0.0,1088,0,0,1088,1188,561,1869,1,0,1963.0,2,48,244,0
80,70.0,8163,5,6,1959,1959,128.0,748,294,102,1144,1144,0,1144,1,1,1959.0,1,86,0,0
20,85.0,14536,8,5,2002,2003,236.0,1300,0,316,1616,1629,0,1629,2,1,2002.0,3,0,0,0
60,65.0,14006,7,5,2002,2002,144.0,0,0,936,936,936,840,1776,2,1,2002.0,2,144,0,0
20,78.0,9360,6,7,1972,2006,0.0,982,0,179,1161,1381,0,1381,1,1,1972.0,2,0,0,0
20,60.0,7200,5,8,1950,2002,0.0,398,149,317,864,864,0,864,1,0,1980.0,2,194,0,0
20,60.0,7800,5,5,1965,1965,0.0,641,0,187,828,965,0,965,1,0,1979.0,1,421,0,0
85,60.0,7200,5,8,1972,2003,0.0,660,0,108,768,768,0,768,1,0,1974.0,1,192,0,0
90,82.0,7136,6,6,1946,1950,423.0,484,0,495,979,979,979,1958,2,0,1946.0,2,0,0,0
160,24.0,1300,6,6,1980,1980,0.0,285,0,276,561,561,668,1229,1,1,1980.0,2,150,0,0
20,70.0,7420,5,5,1962,1962,0.0,417,0,640,1057,1057,0,1057,1,0,1977.0,2,0,0,0
20,65.0,8450,7,5,2003,2003,0.0,699,0,638,1337,1337,0,1337,2,0,2003.0,2,0,0,0
160,24.0,2572,7,5,1999,1999,0.0,604,0,92,696,696,720,1416,2,0,1999.0,2,0,0,0
160,24.0,2308,6,6,1976,1976,0.0,556,0,248,804,804,744,1548,2,1,1976.0,2,48,0,0
20,122.0,11923,9,5,2007,2007,0.0,0,0,1800,1800,1800,0,1800,2,0,2007.0,2,288,0,0
60,80.0,11316,7,5,2002,2003,44.0,624,0,193,817,824,1070,1894,2,1,2002.0,2,0,0,0
60,65.0,10237,6,5,2005,2007,0.0,0,0,783,783,783,701,1484,2,1,2005.0,2,0,0,0
50,130.0,9600,5,7,1940,1950,0.0,428,0,300,728,976,332,1308,1,2,1940.0,1,0,0,0
190,75.0,10382,6,5,1958,1958,105.0,513,0,75,588,1095,0,1095,1,0,1958.0,1,0,0,0
160,36.0,2268,7,5,2003,2004,106.0,567,0,197,764,764,862,1626,2,0,2003.0,2,0,0,0
120,55.0,7892,6,5,1979,1979,0.0,0,0,918,918,918,0,918,2,1,1979.0,1,28,0,0
70,60.0,11414,7,8,1910,1993,0.0,0,0,728,728,1136,883,2019,1,0,1997.0,2,509,0,0
20,68.0,9450,4,5,1954,1954,0.0,552,0,342,894,894,0,894,1,0,1999.0,2,0,0,0
20,80.0,8816,5,6,1963,1963,0.0,651,0,470,1121,1121,0,1121,1,0,1963.0,2,0,0,0
60,98.0,12203,8,5,1998,1999,975.0,854,0,371,1225,1276,1336,2612,2,1,1998.0,3,250,0,0
20,43.0,3182,7,5,2007,2007,16.0,0,0,1266,1266,1266,0,1266,2,1,2007.0,2,100,0,0
90,75.0,10125,5,5,1977,1977,0.0,0,0,0,0,1302,432,1734,2,0,1977.0,2,0,0,0
190,68.0,10880,5,5,1950,1950,0.0,1040,0,124,1164,1164,0,1164,1,0,1950.0,1,0,0,0
50,59.0,5310,6,8,1910,2003,0.0,0,0,485,485,1001,634,1635,1,0,1950.0,1,394,0,0
20,83.0,10159,9,5,2009,2010,450.0,1646,0,284,1930,1940,0,1940,2,1,2010.0,3,168,0,0
60,65.0,8125,7,5,2006,2006,0.0,0,0,770,770,778,798,1576,2,0,2006.0,2,0,0,0
60,82.0,9452,8,5,1997,1998,423.0,1074,0,322,1396,1407,985,2392,2,1,1997.0,3,0,0,0
70,121.0,17671,8,9,1882,1986,0.0,216,0,700,916,916,826,1742,1,1,1925.0,2,0,0,0
60,80.0,9760,6,8,1964,1993,340.0,536,117,169,822,1020,831,1851,2,1,1964.0,2,239,0,0
60,68.0,8846,6,5,2005,2006,0.0,0,0,750,750,750,750,1500,2,0,2005.0,2,0,0,0
20,96.0,12456,10,5,2006,2007,230.0,1172,0,528,1700,1718,0,1718,2,1,2008.0,3,216,0,0
50,51.0,4712,4,7,1946,1950,0.0,384,0,363,747,774,456,1230,1,0,1946.0,1,0,0,0
30,60.0,9786,3,4,1922,1950,0.0,0,0,1007,1007,1077,0,1077,1,1,1922.0,1,0,48,0
20,64.0,6762,7,5,2006,2006,24.0,686,0,501,1187,1208,0,1208,2,0,2006.0,2,105,0,0
20,74.0,10206,3,3,1952,1952,0.0,0,0,0,0,944,0,944,1,0,1956.0,2,0,0,0
30,60.0,5400,5,6,1920,1950,0.0,0,0,691,691,691,0,691,1,0,1920.0,1,0,94,0
20,75.0,11957,8,5,2006,2006,53.0,24,0,1550,1574,1574,0,1574,2,1,2006.0,3,144,0,0
120,43.0,3182,7,5,2005,2006,16.0,16,0,1330,1346,1504,0,1504,2,1,2005.0,2,156,0,0
80,65.0,8385,5,8,1977,1977,220.0,595,0,390,985,985,0,985,2,0,1977.0,1,210,0,0
160,21.0,2217,4,4,1970,1970,0.0,273,273,0,546,546,546,1092,1,0,1970.0,1,238,0,0
20,43.0,12118,7,5,2004,2005,108.0,0,0,1710,1710,1710,0,1710,2,1,2004.0,2,100,0,0
50,115.0,21286,5,5,1948,1950,0.0,0,0,720,720,720,551,1271,2,1,1948.0,1,0,108,0
70,55.0,10592,6,7,1923,1996,0.0,0,0,602,602,900,602,1502,1,2,1923.0,1,96,112,0
30,60.0,7200,5,4,1910,2006,0.0,247,465,310,1022,1022,0,1022,1,0,1956.0,1,0,226,0
20,60.0,11664,6,5,1948,1950,206.0,336,0,746,1082,1082,0,1082,1,1,1948.0,1,0,0,0
60,70.0,8400,8,6,2001,2001,0.0,643,0,167,810,810,855,1665,2,0,2001.0,2,0,0,0
20,73.0,11883,7,5,1996,1996,196.0,690,0,814,1504,1504,0,1504,2,1,1996.0,2,115,0,0
120,43.0,3013,7,5,2005,2005,145.0,16,0,1346,1362,1506,0,1506,2,1,2005.0,2,142,0,0
20,60.0,7024,4,5,2005,2005,0.0,1024,0,108,1132,1132,0,1132,1,0,2005.0,2,252,0,0
20,64.0,7406,7,5,2006,2006,84.0,684,0,515,1199,1220,0,1220,2,0,2006.0,2,105,0,0
50,52.0,9439,5,5,1930,1950,0.0,324,0,588,912,912,336,1248,1,0,1957.0,1,0,192,0
120,43.0,3182,7,5,2005,2006,14.0,16,0,1330,1346,1504,0,1504,2,1,2005.0,2,156,0,0
20,70.0,7700,5,5,1972,1972,0.0,138,468,276,882,882,0,882,1,0,1980.0,2,96,0,0
20,73.0,9300,5,5,1960,1960,324.0,697,0,571,1268,1264,0,1264,1,2,1960.0,2,0,0,0
20,71.0,9520,8,5,2007,2008,338.0,1513,0,125,1638,1646,0,1646,2,1,2008.0,3,192,0,0
50,79.0,9492,5,5,1941,1950,0.0,368,41,359,768,968,408,1376,1,1,1941.0,1,0,0,0
160,21.0,1680,6,7,1972,1972,281.0,317,0,355,672,672,546,1218,1,0,1972.0,1,0,0,0
75,102.0,15863,7,3,1920,1970,0.0,523,0,301,824,1687,998,3082,2,2,1970.0,2,136,0,0
30,50.0,6305,5,7,1938,1950,0.0,0,0,920,920,954,0,954,1,1,1938.0,1,0,0,0
20,89.0,12898,9,5,2007,2008,70.0,1022,0,598,1620,1620,0,1620,2,1,2008.0,3,228,0,0
180,21.0,1477,4,4,1970,1970,0.0,509,0,121,630,630,0,630,1,0,1970.0,1,0,0,0
20,88.0,13125,5,4,1957,2000,67.0,168,682,284,1134,1803,0,1803,2,1,1957.0,2,0,0,0
120,34.0,5381,6,5,2005,2005,135.0,900,0,406,1306,1306,0,1306,2,1,2005.0,2,170,0,0
60,86.0,11839,7,5,1990,1990,99.0,1085,0,390,1475,1532,797,2329,2,1,1990.0,2,192,0,0
20,80.0,9600,8,5,1981,1981,0.0,1104,0,1420,2524,2524,0,2524,2,1,1981.0,2,474,0,0
60,85.0,16056,9,5,2005,2006,208.0,240,0,1752,1992,1992,876,2868,3,1,2005.0,3,214,0,0
20,57.0,9245,5,5,1994,1995,0.0,686,0,304,990,990,0,990,1,0,1996.0,2,0,0,0
20,100.0,21750,5,4,1960,2006,75.0,0,0,0,0,1771,0,1771,1,1,1960.0,2,0,0,0
20,60.0,11100,4,7,1946,2006,0.0,0,0,0,0,930,0,930,1,0,1946.0,1,0,0,0
20,73.0,8993,7,5,2007,2007,0.0,0,0,1302,1302,1302,0,1302,2,0,2007.0,2,0,0,0
20,103.0,11175,7,5,2007,2007,0.0,0,0,1316,1316,1316,0,1316,2,1,2007.0,2,0,0,0
60,100.0,9500,6,6,1964,1978,272.0,442,0,374,816,1127,850,1977,1,1,1964.0,2,0,0,0
20,68.0,8562,5,6,1957,2002,145.0,383,0,833,1216,1526,0,1526,1,1,1957.0,1,116,0,0
60,90.0,11367,8,5,2002,2002,210.0,932,0,133,1065,1091,898,1989,2,1,2002.0,2,199,0,0
20,104.0,11361,6,5,1976,1976,160.0,644,0,549,1193,1523,0,1523,2,1,1976.0,2,0,0,0
120,43.0,7052,7,5,2005,2005,240.0,659,0,705,1364,1364,0,1364,2,1,2005.0,2,192,0,0
60,96.0,11308,9,5,2008,2008,154.0,936,0,168,1104,1130,1054,2184,2,1,2008.0,3,0,0,0
120,41.0,4920,8,5,2001,2001,0.0,616,0,722,1338,1338,0,1338,2,0,2001.0,2,0,170,0
30,120.0,18000,3,4,1935,1950,0.0,0,0,894,894,894,0,894,1,0,1994.0,3,0,0,560
190,85.0,13600,5,5,1900,1950,0.0,0,0,662,662,1422,915,2337,2,0,1945.0,2,0,0,0
30,50.0,6000,6,6,1925,1980,0.0,397,0,706,1103,1103,0,1103,1,1,1976.0,2,166,0,0
60,80.0,14000,7,5,1996,1997,0.0,1201,0,105,1306,1306,954,2260,2,0,1996.0,2,296,0,0
60,59.0,7837,6,7,1993,1994,0.0,0,0,799,799,799,772,1571,2,1,1993.0,2,0,0,0
60,80.0,9760,6,6,1964,1964,360.0,674,106,0,780,798,813,1611,1,0,1964.0,2,328,0,0
160,42.0,3964,6,4,1973,1973,0.0,837,0,105,942,1291,1230,2521,2,1,1973.0,2,728,0,0
45,60.0,9600,5,7,1949,2003,0.0,220,0,625,845,893,0,893,1,0,1985.0,2,0,0,0
20,72.0,10152,5,5,1956,1956,120.0,586,0,462,1048,1048,0,1048,1,0,1956.0,1,0,0,0
60,78.0,11700,6,6,1968,1968,0.0,298,0,429,727,829,727,1556,1,0,1968.0,2,0,0,0
50,50.0,7585,5,3,1948,1950,0.0,0,0,810,810,1002,454,1456,1,1,1954.0,1,0,0,0
60,75.0,7950,6,6,1977,1977,140.0,535,0,155,690,698,728,1426,1,0,1977.0,2,252,0,0
20,74.0,8556,7,5,2006,2006,0.0,0,0,1240,1240,1240,0,1240,2,0,2006.0,3,140,0,0
70,75.0,13125,7,6,1940,1984,0.0,410,0,390,800,960,780,1740,1,2,1940.0,1,0,0,0
50,60.0,10800,5,8,1936,1989,0.0,626,0,170,796,1096,370,1466,2,1,1950.0,2,436,0,500
120,37.0,4435,6,5,2004,2004,169.0,662,0,186,848,848,0,848,1,1,2004.0,2,140,0,0
20,65.0,8775,5,5,1994,1994,0.0,495,0,495,990,990,0,990,1,0,1996.0,1,0,0,0
20,80.0,11040,6,7,1971,2004,144.0,656,0,602,1258,1258,0,1258,2,0,1971.0,2,55,0,0
20,75.0,7500,5,5,1963,1963,0.0,824,0,216,1040,1040,0,1040,1,0,1963.0,1,0,220,0
20,70.0,8749,7,5,2002,2002,100.0,0,0,1459,1459,1459,0,1459,2,1,2002.0,2,192,0,0
20,80.0,8800,6,6,1964,1964,425.0,553,0,698,1251,1251,0,1251,1,2,1964.0,1,0,0,700
85,73.0,9069,6,6,1992,1992,0.0,747,0,189,936,996,0,996,1,0,1992.0,2,120,0,0
60,85.0,10574,8,5,2005,2006,0.0,0,0,1082,1082,1082,871,1953,2,1,2005.0,3,160,0,0
160,24.0,2522,7,5,2004,2004,50.0,0,0,970,970,970,739,1709,2,0,2004.0,2,0,0,0
120,37.0,3316,8,5,2005,2005,0.0,1039,0,208,1247,1247,0,1247,1,1,2005.0,2,0,0,0
90,60.0,8544,3,4,1950,1950,0.0,0,0,0,0,1040,0,1040,2,0,1987.0,2,0,0,0
160,24.0,2160,7,5,1999,2000,212.0,510,0,90,600,624,628,1252,2,0,1999.0,2,0,0,0
50,60.0,8400,6,5,1925,1950,0.0,423,0,758,1181,1390,304,1694,2,1,1925.0,2,342,128,0
20,71.0,9230,5,8,1965,1998,166.0,661,0,203,864,1200,0,1200,1,0,1977.0,2,0,0,0
20,74.0,5868,5,7,1956,2000,0.0,248,240,448,936,936,0,936,1,0,1956.0,1,0,80,0
20,78.0,9317,6,5,2006,2006,0.0,24,0,1290,1314,1314,0,1314,2,1,2006.0,2,0,0,0
50,50.0,6000,4,6,1936,1950,0.0,672,0,0,672,757,567,1324,1,0,1936.0,1,0,0,0
20,82.0,11880,7,5,1978,1978,206.0,704,0,567,1271,1601,0,1601,2,1,1978.0,2,0,0,0
30,60.0,8400,2,5,1920,1950,0.0,290,0,0,290,438,0,438,1,0,1930.0,1,0,0,0
20,61.0,9758,5,5,1971,1971,0.0,412,287,251,950,950,0,950,1,0,1981.0,1,0,0,0
20,70.0,7000,5,7,1960,2002,45.0,588,0,422,1010,1134,0,1134,1,0,1960.0,1,0,0,0
20,79.0,8910,6,6,1959,1959,0.0,655,0,0,655,1194,0,1194,1,1,1954.0,2,0,192,0
160,24.0,2016,5,5,1970,1970,304.0,0,0,630,630,630,672,1302,2,0,1970.0,2,0,0,0
60,98.0,12256,8,5,1994,1995,362.0,1032,0,431,1463,1500,1122,2622,2,2,1994.0,2,186,0,0
20,114.0,10357,7,5,1990,1991,0.0,738,0,172,910,1442,0,1442,2,1,1990.0,2,0,0,0
60,168.0,23257,7,5,2006,2006,0.0,0,0,868,868,887,1134,2021,2,1,2006.0,2,0,0,0
20,107.0,11362,8,5,2004,2005,42.0,1039,0,797,1836,1836,0,1836,2,1,2004.0,3,125,0,0
60,80.0,10480,7,6,1976,1976,660.0,403,0,400,803,1098,866,1964,2,1,1976.0,2,0,0,0
20,73.0,7100,5,7,1957,1957,0.0,708,0,108,816,816,0,816,1,0,1957.0,1,0,0,0
20,66.0,8923,5,7,1953,2006,0.0,643,0,365,1008,1008,0,1008,1,0,1953.0,1,0,0,0
20,90.0,5400,5,7,1954,2000,0.0,415,0,418,833,833,0,833,1,0,1955.0,1,0,0,0
20,93.0,12085,8,5,2007,2007,328.0,1004,0,730,1734,1734,0,1734,2,1,2007.0,3,0,0,0
20,57.0,9764,5,7,1967,2003,0.0,702,0,192,894,894,0,894,1,0,1967.0,2,0,0,0
80,85.0,13825,5,6,1958,1987,0.0,0,0,533,533,1021,580,1601,1,0,1958.0,1,280,0,0
20,70.0,7560,5,5,1959,1959,0.0,369,0,671,1040,1040,0,1040,1,0,1959.0,1,140,252,0
30,59.0,8263,6,5,1920,1950,0.0,0,0,1012,1012,1012,0,1012,1,1,1920.0,1,0,112,0
20,84.0,10084,7,5,2005,2006,196.0,24,0,1528,1552,1552,0,1552,2,0,2005.0,3,144,0,0
20,60.0,10434,4,5,1955,1955,0.0,0,0,1005,1005,1005,0,1005,1,1,1977.0,2,0,0,0
120,53.0,3684,7,5,2007,2007,130.0,0,0,1373,1373,1555,0,1555,2,1,2007.0,3,143,0,0
20,182.0,14572,7,5,2004,2004,0.0,1300,0,230,1530,1530,0,1530,2,1,2004.0,3,144,0,0
60,59.0,11796,7,5,2004,2005,0.0,0,0,847,847,847,1112,1959,2,1,2004.0,2,100,0,0
90,60.0,7200,5,5,1980,1980,180.0,936,0,0,936,936,0,936,1,0,1980.0,2,49,0,0
50,65.0,7804,4,3,1928,1950,0.0,622,0,500,1122,1328,653,1981,2,2,1981.0,2,431,0,0
70,90.0,9900,6,4,1880,1950,0.0,0,0,1008,1008,1178,1032,2210,2,0,1930.0,1,0,0,0
60,80.0,9828,8,5,1995,1995,0.0,584,0,544,1128,1142,878,2020,2,1,1995.0,2,0,0,0
60,57.0,8773,6,5,1997,1997,0.0,0,0,916,916,916,684,1600,2,1,1997.0,2,100,0,0
30,60.0,6180,6,5,1926,1950,0.0,0,0,960,960,986,0,986,1,1,1926.0,1,0,0,0
50,80.0,9600,6,5,1950,1950,0.0,280,0,752,1032,1032,220,1252,1,0,1950.0,1,0,96,0
30,98.0,8731,5,5,1920,1950,0.0,645,0,270,915,1167,0,1167,1,1,1972.0,2,0,216,0
20,60.0,7350,5,7,1951,1951,0.0,852,0,100,952,952,0,952,1,0,1988.0,2,0,0,0
60,77.0,9965,8,5,2006,2007,340.0,1150,0,316,1466,1466,1362,2828,3,1,2006.0,3,125,0,0
190,60.0,12180,4,4,1941,1950,0.0,348,0,324,672,672,252,924,1,0,1941.0,1,0,0,0
50,52.0,6240,5,6,1928,1950,0.0,0,0,1042,1042,1042,534,1576,1,1,1928.0,1,0,0,0
70,75.0,12000,7,7,1941,1950,0.0,275,0,429,704,860,704,1564,1,1,1941.0,1,0,0,0
70,50.0,9000,7,9,1920,1988,0.0,624,0,26,650,832,650,1482,1,0,1930.0,2,0,0,0
20,57.0,8280,6,5,1950,1950,0.0,0,0,932,932,932,0,932,1,1,1950.0,1,0,214,0
20,134.0,17755,5,4,1959,1959,132.0,176,0,1290,1466,1466,0,1466,1,2,1959.0,2,0,0,0
20,90.0,14115,6,7,1956,2004,0.0,296,547,230,1073,1811,0,1811,1,1,1956.0,2,0,280,0
20,90.0,10768,5,8,1976,2004,0.0,1157,0,280,1437,1437,0,1437,2,1,1976.0,2,0,0,0
80,85.0,9350,5,8,1965,1999,0.0,633,0,586,1219,1265,0,1265,2,1,1965.0,2,0,0,0
120,34.0,5001,7,5,2007,2008,166.0,904,0,410,1314,1314,0,1314,2,1,2008.0,2,172,0,0
20,92.0,11932,8,5,2007,2008,186.0,0,0,1580,1580,1580,0,1580,2,0,2008.0,3,0,0,0
60,76.0,9120,6,6,1974,1974,270.0,442,0,459,901,943,933,1876,2,1,1974.0,2,0,0,0
160,24.0,2280,6,5,1978,1978,0.0,311,0,544,855,855,601,1456,2,1,1978.0,2,26,0,0
20,109.0,8724,5,5,1968,1968,0.0,492,0,402,894,894,0,894,1,1,1968.0,2,0,0,0
90,60.0,12900,4,4,1969,1969,0.0,1198,0,0,1198,1258,0,1258,0,0,1969.0,2,120,0,0
20,79.0,9541,7,5,2009,2009,268.0,0,0,1502,1502,1502,0,1502,2,0,2009.0,2,0,0,0
20,64.0,10475,8,5,2008,2008,72.0,0,0,1694,1694,1694,0,1694,2,0,2008.0,3,160,0,0
60,58.0,10852,6,5,2000,2000,0.0,786,0,173,959,959,712,1671,2,1,2000.0,2,0,0,0
70,120.0,13728,6,7,1935,1986,0.0,626,0,501,1127,1236,872,2108,2,2,1935.0,2,0,0,0
60,118.0,35760,10,5,1995,1996,1378.0,1387,0,543,1930,1831,1796,3627,3,1,1995.0,3,361,0,0
80,76.0,9880,6,6,1977,1977,0.0,522,0,574,1096,1118,0,1118,1,1,1977.0,1,203,0,0
20,76.0,9120,6,6,1958,1958,0.0,662,0,599,1261,1261,0,1261,1,1,1958.0,2,0,0,1400
160,35.0,4017,7,5,2006,2007,0.0,0,0,625,625,625,625,1250,2,0,2006.0,2,0,0,0
70,80.0,16560,6,8,1932,1950,0.0,503,0,449,952,1170,1175,2345,2,1,1932.0,2,0,0,0
50,85.0,10678,8,5,1992,2000,337.0,700,0,983,1683,2129,743,2872,2,1,1992.0,2,0,0,0
20,37.0,6951,5,5,1984,1985,0.0,658,0,218,876,923,0,923,1,0,1984.0,1,362,0,0
50,54.0,7681,5,6,1921,1950,0.0,0,0,731,731,820,523,1343,1,1,1921.0,1,192,102,0
120,64.0,5587,8,5,2008,2008,186.0,1480,0,120,1600,1652,0,1652,2,1,2008.0,2,162,0,0
60,160.0,15623,10,5,1996,1996,0.0,2096,0,300,2396,2411,2065,4476,3,2,1996.0,3,171,0,0
30,60.0,10800,5,6,1920,1950,0.0,821,0,299,1120,1130,0,1130,1,1,1970.0,2,229,0,0
20,50.0,35133,5,4,1963,1963,226.0,1159,0,413,1572,1572,0,1572,1,2,1963.0,3,0,0,0
50,60.0,9738,5,7,1924,1950,0.0,392,0,392,784,949,272,1221,1,0,1965.0,1,0,236,0
190,107.0,10615,3,5,1900,1970,0.0,440,0,538,978,1014,685,1699,2,0,1920.0,2,0,0,0
20,89.0,12461,8,5,1994,1995,0.0,1456,0,168,1624,1624,0,1624,2,1,1994.0,3,0,192,0
60,68.0,8935,7,5,2002,2002,95.0,0,0,831,831,831,829,1660,2,0,2002.0,2,144,0,0
60,60.0,7500,7,5,1999,1999,0.0,0,0,994,994,1028,776,1804,2,1,1999.0,2,140,0,0
160,24.0,2645,8,5,1999,2000,456.0,0,0,776,776,764,677,1441,2,0,1999.0,2,206,0,0
50,60.0,9600,5,8,1925,1994,0.0,0,0,702,702,842,630,1472,1,0,1925.0,1,0,84,0
60,80.0,9364,6,7,1969,1969,143.0,371,0,292,663,663,689,1352,1,0,1969.0,1,379,0,0
60,51.0,8029,6,5,2005,2005,0.0,0,0,728,728,728,728,1456,2,0,2005.0,2,100,0,0
60,58.0,14054,7,5,2006,2006,0.0,0,0,879,879,879,984,1863,2,1,2006.0,3,100,0,0
75,65.0,8850,7,6,1916,1950,0.0,0,0,815,815,815,875,1690,1,1,1916.0,1,0,330,0
20,70.0,9100,7,5,2001,2001,0.0,0,0,1212,1212,1212,0,1212,2,0,2001.0,2,356,0,0
20,75.0,11235,4,5,1963,1979,51.0,547,0,504,1051,1382,0,1382,1,1,1974.0,2,0,0,0
20,71.0,9353,4,5,1970,1970,0.0,0,0,864,864,864,0,864,1,0,1972.0,1,0,0,0
60,80.0,10400,7,5,1998,1998,0.0,0,0,866,866,866,913,1779,2,0,1998.0,2,198,0,0
50,50.0,6000,5,8,1925,1997,0.0,0,0,884,884,884,464,1348,1,1,1960.0,1,0,208,0
20,75.0,9750,7,5,2000,2001,171.0,0,0,1630,1630,1630,0,1630,2,1,2000.0,2,74,0,0
20,78.0,10140,5,6,1975,1975,0.0,788,0,268,1056,1074,0,1074,1,0,1975.0,2,0,0,0
20,90.0,14684,7,7,1990,1991,234.0,485,177,1496,2158,2196,0,2196,2,1,1990.0,3,84,0,0
20,70.0,9135,6,5,2003,2003,120.0,340,0,1342,1682,1700,0,1700,2,0,2003.0,2,192,0,0
20,70.0,7763,5,7,1962,1980,0.0,504,108,319,931,1283,0,1283,1,0,1980.0,2,0,0,0
20,85.0,10182,8,5,2006,2006,420.0,1220,0,440,1660,1660,0,1660,2,1,2006.0,2,322,0,0
60,70.0,11218,6,5,1992,1992,0.0,0,0,1055,1055,1055,790,1845,2,1,1992.0,2,635,0,400
50,152.0,12134,8,7,1988,2005,0.0,427,0,132,559,1080,672,1752,2,0,1988.0,2,325,0,0
30,50.0,9340,4,6,1941,1950,0.0,344,0,328,672,672,0,672,1,0,1941.0,1,0,0,0
85,69.0,10205,5,5,1962,1962,0.0,784,0,141,925,999,0,999,1,0,1962.0,1,150,0,0
20,99.0,7094,5,5,1966,1966,0.0,180,374,340,894,894,0,894,1,0,1966.0,1,0,0,0
90,68.0,8930,6,5,1978,1978,0.0,0,0,0,0,1318,584,1902,2,0,1978.0,2,0,0,0
20,72.0,8640,8,5,2009,2009,72.0,936,0,364,1300,1314,0,1314,2,0,2009.0,2,135,0,0
20,66.0,7800,5,5,1964,1964,0.0,312,600,0,912,912,0,912,1,0,1964.0,1,0,0,0
20,55.0,8250,5,5,1968,1968,0.0,250,492,210,952,1211,0,1211,1,1,1968.0,1,0,0,0
50,78.0,10496,6,6,1949,1950,320.0,196,0,844,1040,1168,678,1846,2,1,1949.0,1,0,0,0
20,89.0,10680,5,3,1951,1951,44.0,756,0,1380,2136,2136,0,2136,2,0,1951.0,2,0,0,0
60,60.0,15384,7,5,2004,2005,0.0,724,0,64,788,788,702,1490,2,1,2004.0,2,100,0,0
80,65.0,10482,6,8,1958,1958,63.0,507,0,81,588,1138,0,1138,1,0,1958.0,1,224,0,0
60,86.0,14598,6,5,2007,2007,74.0,0,0,894,894,894,1039,1933,2,1,2007.0,3,100,0,0
20,72.0,8872,5,8,1965,2008,300.0,595,0,317,912,912,0,912,1,0,1992.0,2,0,0,0
120,65.0,8769,9,5,2008,2008,766.0,1540,0,162,1702,1702,0,1702,1,1,2008.0,3,0,0,0
80,70.0,7910,5,5,1960,1960,0.0,666,0,409,1075,1507,0,1507,2,0,1960.0,1,0,0,0
90,70.0,7728,5,6,1962,1962,120.0,803,0,303,1106,1190,0,1190,1,0,1962.0,2,0,0,0
90,70.0,9842,4,5,1962,1962,0.0,0,0,0,0,1224,0,1224,2,0,1962.0,2,0,0,0
70,96.0,13132,5,5,1914,1950,0.0,0,0,747,747,892,892,1784,1,0,1914.0,1,203,0,0
160,36.0,2628,7,5,2003,2003,106.0,0,0,764,764,764,862,1626,2,0,2003.0,2,0,0,0
60,41.0,12393,7,5,2004,2005,0.0,0,0,847,847,847,1101,1948,2,1,2004.0,2,100,0,0
20,63.0,13072,6,5,2005,2005,0.0,0,0,1141,1141,1141,0,1141,1,0,2005.0,2,0,0,0
20,64.0,9037,8,5,2006,2006,32.0,428,0,1048,1476,1484,0,1484,2,1,2006.0,2,120,0,0
60,65.0,8158,7,5,2003,2003,252.0,550,0,334,884,884,884,1768,2,0,2003.0,2,0,0,0
20,83.0,9849,7,6,2007,2007,0.0,0,0,1689,1689,1689,0,1689,2,0,2007.0,3,0,0,0
85,85.0,10625,7,6,1974,1974,81.0,885,168,0,1053,1173,0,1173,2,2,1974.0,2,0,0,0
80,78.0,12090,6,7,1984,2003,74.0,0,0,585,585,1140,728,1868,3,1,1984.0,2,268,0,0
60,65.0,8125,7,5,2005,2006,0.0,0,0,756,756,756,797,1553,2,0,2005.0,2,0,0,0
75,60.0,9600,6,5,1917,1950,0.0,319,0,416,735,1134,924,2058,1,1,1950.0,2,0,259,0
20,60.0,7200,5,7,1950,1950,0.0,534,96,246,876,988,0,988,1,0,1950.0,1,0,0,0
20,93.0,11160,7,5,1968,1968,0.0,1065,0,1045,2110,2110,0,2110,2,2,1968.0,2,0,0,0
20,62.0,9858,5,6,1968,1968,0.0,510,0,354,864,874,0,874,1,0,1968.0,1,33,0,600
60,60.0,6931,7,5,2003,2004,92.0,0,0,746,746,760,896,1656,2,1,2003.0,2,178,0,0
50,52.0,6240,6,6,1931,1950,0.0,425,0,459,884,959,408,1367,1,1,1978.0,1,0,0,0
20,91.0,14303,8,5,1994,1994,554.0,1314,0,672,1986,1987,0,1987,2,1,1994.0,2,262,0,0
80,59.0,9587,7,5,2005,2005,182.0,655,0,201,856,1166,0,1166,2,0,2005.0,2,212,0,0
20,65.0,9750,6,8,1969,1969,0.0,602,438,14,1054,1054,0,1054,1,0,1969.0,2,180,0,0
20,80.0,9600,5,6,1956,1956,0.0,504,0,546,1050,1050,0,1050,1,0,1956.0,1,0,0,0
70,60.0,13515,6,6,1919,1950,0.0,0,0,764,764,1060,764,1824,1,1,1940.0,2,0,126,0
120,34.0,4060,6,5,1998,1999,0.0,266,0,1139,1405,1337,0,1337,2,0,1998.0,2,144,0,0
160,35.0,3735,7,5,1999,1999,218.0,450,0,241,691,713,739,1452,2,0,1999.0,2,0,0,0
190,60.0,10120,7,4,1910,1950,0.0,0,0,925,925,964,925,1889,1,1,1960.0,1,0,264,0
20,89.0,13214,9,5,2008,2009,0.0,0,0,2002,2002,2018,0,2018,2,1,2009.0,3,144,0,0
50,78.0,11344,5,5,1958,1958,180.0,460,0,414,874,874,650,1524,1,0,1958.0,1,0,0,0
80,124.0,11512,6,7,1959,2006,84.0,719,0,300,1019,1357,0,1357,1,1,1959.0,1,0,0,0
50,53.0,5362,5,6,1910,2003,0.0,0,0,661,661,661,589,1250,2,1,1985.0,2,242,81,0
90,95.0,11345,5,5,1948,1950,567.0,220,0,708,928,928,992,1920,2,0,1948.0,2,0,0,0
50,60.0,7500,4,4,1920,1950,0.0,0,0,698,698,698,430,1128,1,0,1980.0,2,30,164,0
20,67.0,9808,7,5,2002,2002,110.0,788,0,785,1573,1573,0,1573,2,0,2002.0,2,0,0,0
20,50.0,8049,7,5,1990,1990,54.0,1053,0,256,1309,1339,0,1339,2,1,1990.0,2,0,0,0
20,61.0,8800,5,7,1977,2008,0.0,532,144,364,1040,1040,0,1040,2,0,1977.0,2,0,0,0
50,50.0,9638,6,7,1919,1990,0.0,0,0,804,804,1699,748,2447,2,1,1969.0,1,272,42,0
50,50.0,6000,6,6,1939,1950,0.0,0,0,780,780,825,587,1412,1,1,1939.0,1,45,0,0
120,40.0,5664,8,5,2000,2000,0.0,1158,0,343,1501,1659,0,1659,2,1,2000.0,2,212,0,0
60,86.0,11065,8,5,2006,2006,788.0,0,0,1085,1085,1120,850,1970,2,1,2006.0,3,177,0,0
160,21.0,1680,5,7,1972,1972,268.0,231,0,399,630,630,672,1302,2,0,1972.0,1,185,0,0
70,60.0,6600,5,4,1892,1965,0.0,0,0,994,994,1378,994,2372,2,0,1985.0,1,0,0,0
60,78.0,10140,7,5,1976,1976,0.0,194,0,638,832,832,832,1664,2,1,1976.0,2,0,0,0
20,60.0,8172,5,7,1955,1990,0.0,167,0,697,864,864,0,864,1,0,1957.0,2,0,0,0
20,70.0,8400,5,5,1968,1968,168.0,1016,0,36,1052,1052,0,1052,1,0,1968.0,1,356,0,0
20,80.0,8700,5,6,1963,1963,148.0,776,0,344,1120,1128,0,1128,2,0,1963.0,2,192,123,0
180,35.0,3675,6,5,2005,2006,82.0,547,0,0,547,1072,0,1072,2,0,2005.0,2,0,0,0
60,313.0,63887,10,5,2008,2008,796.0,5644,0,466,6110,4692,950,5642,2,3,2008.0,2,214,0,0
20,75.0,7500,5,7,1959,1994,0.0,340,906,0,1246,1246,0,1246,1,0,1959.0,1,218,0,0
60,92.0,10120,8,5,1994,1994,391.0,740,0,425,1165,1203,1323,2526,2,1,1994.0,3,309,0,0
20,73.0,8688,7,5,2005,2005,228.0,0,0,1616,1616,1616,0,1616,2,0,2005.0,3,208,0,0
160,32.0,3363,7,5,2004,2004,117.0,0,0,976,976,976,732,1708,2,0,2004.0,2,0,0,0
20,108.0,13173,9,5,2006,2007,300.0,1572,0,80,1652,1652,0,1652,2,2,2006.0,2,404,0,0
120,48.0,6955,7,5,2005,2006,94.0,0,0,1368,1368,1368,0,1368,2,1,2005.0,2,132,0,0
20,60.0,8072,5,5,1994,1995,0.0,746,0,244,990,990,0,990,1,0,2000.0,2,0,0,0
20,100.0,12000,5,7,1948,2005,0.0,144,608,172,924,1122,0,1122,1,0,1948.0,2,0,0,0
20,100.0,17500,7,8,1959,2002,0.0,1406,0,496,1902,1902,0,1902,2,2,1959.0,2,0,162,0
20,68.0,8814,7,5,2005,2007,80.0,925,0,349,1274,1274,0,1274,2,0,2005.0,2,264,0,0
60,108.0,14774,9,5,1999,1999,165.0,0,0,1393,1393,1422,1177,2599,2,1,1999.0,3,668,0,0
20,60.0,8190,4,6,1954,1954,0.0,732,0,216,948,948,0,948,1,1,1956.0,1,0,0,0
60,85.0,11075,6,5,1969,1969,0.0,500,276,176,952,1092,1020,2112,2,2,1969.0,2,280,0,0
20,61.0,10226,8,5,2008,2008,270.0,0,0,1622,1622,1630,0,1630,2,1,2008.0,3,172,0,0
120,47.0,4230,7,5,2006,2007,0.0,0,0,1352,1352,1352,0,1352,2,1,2006.0,2,0,0,0
20,75.0,10215,4,5,1954,1954,132.0,492,0,372,864,948,0,948,1,0,1954.0,1,0,0,0
20,70.0,8400,6,3,1957,1957,0.0,189,661,628,1478,1478,0,1478,1,2,1957.0,2,114,0,0
60,107.0,10186,7,5,1992,1992,0.0,674,0,76,750,1061,862,1923,2,1,1992.0,2,240,0,0
20,75.0,9986,8,5,2006,2007,428.0,0,0,1795,1795,1795,0,1795,2,1,2007.0,3,0,0,0
20,60.0,6600,5,9,1982,2008,0.0,641,0,175,816,816,0,816,1,1,1982.0,1,0,0,0
50,60.0,10440,6,7,1920,1950,0.0,493,0,1017,1510,1584,1208,2792,2,2,1920.0,2,0,0,1150
60,63.0,9084,7,5,1998,1998,0.0,0,0,935,935,955,677,1632,2,1,1998.0,2,0,0,0
20,85.0,10000,8,5,2006,2006,410.0,0,0,1588,1588,1588,0,1588,2,1,2006.0,3,144,0,0
80,55.0,10780,5,5,1976,1976,0.0,483,0,428,911,954,0,954,1,0,1976.0,2,0,0,0
20,67.0,8877,4,6,1938,1958,0.0,690,0,126,816,816,0,816,1,1,1958.0,1,0,0,0
50,60.0,7200,5,6,1938,1995,0.0,0,0,803,803,803,557,1360,1,0,1951.0,1,0,190,0
160,24.0,2368,5,6,1970,1970,312.0,765,0,0,765,765,600,1365,1,0,1970.0,2,0,0,0
20,80.0,9650,6,5,1977,1977,360.0,686,0,664,1350,1334,0,1334,2,1,1977.0,2,0,0,0
90,87.0,9246,5,5,1973,1973,564.0,0,0,1656,1656,1656,0,1656,2,0,1973.0,2,0,0,0
60,95.0,13450,7,5,2002,2002,0.0,700,0,216,916,920,941,1861,2,0,2002.0,2,146,0,0
20,120.0,9560,5,7,1972,1972,0.0,360,0,504,864,864,0,864,1,0,1972.0,1,0,0,0
20,70.0,8294,4,5,1971,1971,0.0,0,0,858,858,872,0,872,1,0,1974.0,4,0,0,0
20,66.0,13695,6,5,2003,2004,0.0,814,0,300,1114,1114,0,1114,1,0,2004.0,2,0,0,0
50,57.0,7558,6,6,1928,1950,0.0,0,0,896,896,1172,741,1913,1,1,1929.0,2,0,0,0
60,85.0,11103,7,5,2006,2006,0.0,0,0,728,728,728,728,1456,2,1,2006.0,2,0,0,0
30,50.0,6000,4,4,1920,1950,0.0,250,0,710,960,960,0,960,1,0,1997.0,1,0,168,0
20,93.0,15306,8,5,2006,2007,100.0,80,0,1652,1732,1776,0,1776,2,1,2006.0,3,0,0,0
90,91.0,11643,5,5,1969,1969,368.0,500,0,748,1248,1338,1296,2634,2,0,1969.0,4,0,0,0
60,70.0,9247,6,6,1962,1962,318.0,319,0,539,858,858,858,1716,1,1,1962.0,2,0,0,0
50,50.0,6000,6,9,1937,2000,0.0,0,0,698,698,786,390,1176,1,0,1999.0,2,210,0,0
50,56.0,14720,8,5,1995,1996,579.0,816,0,1217,2033,2053,1185,3238,2,1,1996.0,3,283,0,0
80,102.0,10192,7,6,1968,1992,143.0,0,0,570,570,1222,698,1920,3,1,1968.0,2,0,0,0
20,129.0,16737,9,5,2004,2005,66.0,1447,0,533,1980,1980,0,1980,2,1,2004.0,3,194,0,0
70,51.0,9842,5,6,1921,1998,0.0,0,0,612,612,990,1611,2601,3,0,1998.0,2,183,301,0
20,124.0,16158,7,5,2005,2005,16.0,1274,0,256,1530,1530,0,1530,2,1,2005.0,2,168,0,0
60,73.0,8499,6,5,2006,2007,0.0,0,0,616,616,616,796,1412,2,1,2007.0,2,0,0,0
160,30.0,3180,7,5,2005,2005,0.0,0,0,600,600,520,600,1200,2,0,2005.0,2,0,0,0
60,68.0,9179,7,5,1999,1999,158.0,633,0,240,873,882,908,1790,2,0,1999.0,2,0,0,0
160,41.0,2665,5,6,1977,1977,0.0,548,173,36,757,925,550,1475,2,1,1977.0,1,104,0,0
20,48.0,10635,8,5,2003,2003,171.0,370,972,315,1657,1668,0,1668,2,1,2003.0,2,0,0,0
50,90.0,5400,4,6,1920,1950,0.0,315,105,420,840,840,534,1374,1,0,1967.0,1,0,198,0
80,80.0,9600,6,6,1955,1996,0.0,831,0,161,992,1661,0,1661,1,1,1955.0,1,0,0,0
60,75.0,9750,7,6,1998,1998,0.0,975,0,133,1108,1108,989,2097,2,1,1998.0,2,253,0,0
60,85.0,10625,7,5,2005,2005,0.0,0,0,1026,1026,1026,932,1958,2,1,2005.0,3,154,0,0
20,89.0,10991,8,5,2007,2007,80.0,0,0,1571,1571,1571,0,1571,2,1,2007.0,3,100,0,0
30,52.0,6292,6,5,1930,1950,0.0,384,0,384,768,790,0,790,1,0,1925.0,1,0,0,0
50,60.0,10998,5,5,1941,1960,0.0,408,420,156,984,984,620,1604,2,0,1977.0,2,0,0,0
160,21.0,1953,6,5,1973,1973,408.0,309,0,174,483,483,504,987,1,0,1973.0,1,72,0,0
80,73.0,9735,5,5,2006,2007,0.0,0,0,384,384,754,640,1394,2,0,2007.0,2,100,0,0
30,45.0,8212,3,3,1914,1950,0.0,203,0,661,864,864,0,864,1,0,1938.0,1,0,96,0
70,60.0,7200,7,7,1920,1950,0.0,0,0,596,596,998,764,1762,1,0,1989.0,2,36,221,0
50,60.0,9060,6,5,1939,1950,0.0,204,0,356,560,698,560,1258,1,0,1939.0,1,0,0,0
50,40.0,5436,4,8,1922,2007,0.0,735,0,61,796,796,358,1154,1,0,1922.0,1,0,0,0
60,80.0,16692,7,5,1978,1978,184.0,790,469,133,1392,1392,1392,2784,3,2,1978.0,2,0,0,2000
50,60.0,8520,6,7,1916,1950,0.0,168,546,0,714,1664,862,2526,2,1,1916.0,1,88,0,0
20,42.0,14892,9,5,2006,2007,160.0,1320,0,426,1746,1746,0,1746,2,2,2006.0,3,201,0,0
50,60.0,6000,6,6,1941,1950,0.0,375,0,360,735,869,349,1218,1,1,2003.0,2,0,0,0
20,70.0,9100,7,5,2000,2000,244.0,1400,0,125,1525,1525,0,1525,2,0,2000.0,2,219,0,0
90,65.0,8944,5,5,1967,1967,0.0,0,0,1584,1584,1584,0,1584,2,0,1967.0,3,0,0,0
85,68.0,7838,5,5,1967,1967,0.0,769,0,95,864,900,0,900,1,1,1967.0,1,175,0,0
190,60.0,10800,6,7,1905,2000,0.0,0,0,482,482,1221,691,1912,2,1,2003.0,2,0,212,0
120,53.0,4045,7,5,2006,2006,45.0,1070,0,286,1356,1500,0,1500,2,1,2006.0,3,161,0,0
60,88.0,12665,8,5,2005,2006,245.0,0,0,1094,1094,1133,1349,2482,2,1,2005.0,3,144,0,0
70,51.0,6120,5,8,1920,2004,0.0,0,0,939,939,939,574,1513,1,0,1933.0,1,24,150,0
50,60.0,7200,5,4,1950,1982,0.0,180,352,676,1208,1136,768,1904,1,0,1950.0,1,0,168,0
50,51.0,6171,6,6,1925,1990,0.0,264,0,712,976,1160,448,1608,2,1,1925.0,1,147,0,0
50,50.0,6000,6,7,1929,1950,0.0,0,0,862,862,950,208,1158,1,1,1929.0,1,0,112,0
60,62.0,7415,6,5,2004,2004,0.0,759,0,80,839,864,729,1593,2,1,2004.0,2,100,0,0
20,64.0,6762,7,5,2006,2006,0.0,0,0,1286,1286,1294,0,1294,2,1,2006.0,2,168,0,0
20,49.0,15256,8,5,2007,2007,84.0,929,0,556,1485,1464,0,1464,2,0,2007.0,3,168,0,0
50,60.0,10410,3,4,1915,1950,0.0,0,0,672,672,694,520,1214,1,0,1998.0,3,216,160,0
120,44.0,3842,8,5,2004,2005,174.0,1373,0,221,1594,1646,0,1646,2,1,2004.0,2,128,0,0
85,70.0,8445,5,7,1972,2007,0.0,656,0,112,768,768,0,768,1,0,1988.0,2,58,0,0
70,60.0,7740,4,7,1910,1950,0.0,0,0,622,622,741,622,1363,1,0,1966.0,2,0,0,0
60,46.0,20544,7,6,1986,1991,123.0,0,0,791,791,1236,857,2093,2,1,1986.0,2,364,0,0
60,79.0,12420,7,5,2001,2001,0.0,666,0,278,944,944,896,1840,2,0,2001.0,2,0,0,0
50,80.0,9600,6,8,1950,2005,0.0,120,0,736,856,1112,556,1668,1,0,1950.0,1,0,0,0
90,60.0,7200,4,5,1949,1950,0.0,0,0,0,0,1040,0,1040,2,0,1956.0,2,0,0,0
20,88.0,10994,8,5,2005,2006,366.0,976,0,868,1844,1844,0,1844,2,1,2005.0,2,165,0,0
50,64.0,13053,6,7,1923,2000,0.0,0,0,833,833,1053,795,1848,1,1,1922.0,2,0,0,0
120,51.0,3635,7,5,2007,2007,130.0,988,0,398,1386,1569,0,1569,2,1,2007.0,3,143,0,0
190,60.0,11340,4,6,1885,1950,0.0,0,0,777,777,1246,1044,2290,2,0,1971.0,2,0,114,0
20,71.0,9204,5,5,1963,1963,0.0,25,872,247,1144,1144,0,1144,1,0,1962.0,1,0,0,0
60,90.0,11700,6,6,1968,1968,420.0,404,0,304,708,708,708,1416,2,1,1968.0,2,0,0,0
120,53.0,4043,6,5,1977,1977,0.0,360,0,709,1069,1069,0,1069,2,1,1977.0,2,0,0,0
120,37.0,4435,6,5,2003,2003,170.0,686,0,162,848,848,0,848,1,0,2003.0,2,140,0,0
20,80.0,10721,6,6,1959,1959,243.0,0,0,1252,1252,1252,0,1252,1,0,1960.0,2,0,0,0
60,81.0,10944,7,5,1994,1994,448.0,1000,0,223,1223,1223,904,2127,2,2,1994.0,2,171,0,0
50,60.0,10930,5,6,1945,1950,0.0,580,0,333,913,1048,510,1558,1,1,1962.0,1,0,0,0
30,60.0,7200,5,7,1940,1992,294.0,510,0,278,788,804,0,804,1,2,1940.0,1,0,154,0
60,60.0,21930,5,5,2005,2005,0.0,0,0,732,732,734,1104,1838,2,1,2005.0,2,100,0,0
30,60.0,10800,4,6,1927,2007,0.0,0,0,656,656,968,0,968,2,0,1928.0,1,0,0,0
60,93.0,10261,6,5,2000,2000,318.0,0,0,936,936,962,830,1792,2,1,2000.0,2,0,0,0
20,80.0,17400,5,5,1977,1977,0.0,936,0,190,1126,1126,0,1126,2,1,1977.0,2,295,0,0
20,80.0,8400,6,9,1962,2005,237.0,0,0,1319,1319,1537,0,1537,1,1,1962.0,2,0,0,0
20,60.0,9000,4,6,1971,1971,0.0,616,0,248,864,864,0,864,1,0,1974.0,2,0,0,0
20,96.0,12444,8,5,2008,2008,426.0,1336,0,596,1932,1932,0,1932,2,1,2008.0,3,0,0,0
20,90.0,7407,6,7,1957,1996,0.0,600,0,312,912,1236,0,1236,1,0,1957.0,2,0,158,0
60,80.0,11584,7,6,1979,1979,96.0,315,110,114,539,1040,685,1725,2,1,1979.0,2,0,216,0
70,79.0,11526,6,7,1922,1994,0.0,0,0,588,588,1423,748,2555,2,1,1993.0,2,431,0,0
60,85.0,11003,10,5,2008,2008,160.0,765,0,252,1017,1026,981,2007,2,1,2008.0,3,168,0,0
20,63.0,8500,7,5,2004,2004,106.0,0,0,1422,1422,1422,0,1422,2,0,2004.0,2,192,0,0
85,70.0,8400,6,5,1966,1966,0.0,187,627,0,814,913,0,913,1,0,1990.0,1,0,252,0
60,80.0,10000,8,5,1995,1996,438.0,1079,0,141,1220,1220,870,2090,2,1,1995.0,2,0,0,0
50,70.0,11767,4,7,1910,2000,0.0,0,0,560,560,796,550,1346,1,0,1950.0,1,168,0,0
20,78.0,9262,8,5,2008,2009,194.0,0,0,1573,1573,1578,0,1578,2,1,2008.0,3,0,0,0
180,35.0,3675,5,5,2005,2005,80.0,547,0,0,547,1072,0,1072,1,0,2005.0,2,0,0,0
20,62.0,7500,7,5,2004,2005,0.0,410,0,811,1221,1221,0,1221,2,0,2004.0,2,0,0,0
60,62.0,7917,6,5,1999,2000,0.0,0,0,953,953,953,694,1647,2,1,1999.0,2,0,0,0
20,85.0,13175,6,6,1978,1988,119.0,790,163,589,1542,2073,0,2073,2,2,1978.0,2,349,0,0
70,66.0,9042,7,9,1941,2006,0.0,275,0,877,1152,1188,1152,2340,2,2,1941.0,1,0,0,2500
20,68.0,9717,5,6,1950,1996,0.0,49,1029,0,1078,1078,0,1078,1,0,1950.0,1,366,112,0
20,75.0,9937,5,6,1965,1965,0.0,830,290,136,1256,1256,0,1256,1,0,1965.0,1,736,0,0
